beneficiary_profile_key;Sexo;Rango Edad;Grupo Etnico;Presenta Discapacidad;Zona Ubicacion Beneficiario;Tipo de Beneficiario;Pais Nacimiento
1;H;6 MESES - 5 AÑOS;NO SE AUTORRECONOCE EN NINGUNO DE LOS ANTERIORES;NO;CABECERA;NIÑO O NIÑA ENTRE 6 MESES Y 5 AÑOS Y 11 MESES;COLOMBIA
2;M;6 MESES - 5 AÑOS;NO SE AUTORRECONOCE EN NINGUNO DE LOS ANTERIORES;NO;CABECERA;NIÑO O NIÑA ENTRE 6 MESES Y 5 AÑOS Y 11 MESES;COLOMBIA
3;M;6 MESES - 5 AÑOS;NO SE AUTORRECONOCE EN NINGUNO DE LOS ANTERIORES;NO;CABECERA;NIÑO O NIÑA ENTRE 6 MESES Y 5 AÑOS Y 11 MESES;ECUADOR
4;M;6 MESES - 5 AÑOS;NO SE AUTORRECONOCE EN NINGUNO DE LOS ANTERIORES;NO;CABECERA;NIÑO O NIÑA ENTRE 6 MESES Y 5 AÑOS Y 11 MESES;ESPAÑA
5;H;6 MESES - 5 AÑOS;NO SE AUTORRECONOCE EN NINGUNO DE LOS ANTERIORES;NO;CABECERA;NIÑO O NIÑA ENTRE 6 MESES Y 5 AÑOS Y 11 MESES;PERU
6;H;6 MESES - 5 AÑOS;NO SE AUTORRECONOCE EN NINGUNO DE LOS ANTERIORES;NO;CABECERA;NIÑO O NIÑA ENTRE 6 MESES Y 5 AÑOS Y 11 MESES;VENEZUELA
7;M;6 MESES - 5 AÑOS;NO SE AUTORRECONOCE EN NINGUNO DE LOS ANTERIORES;NO;CABECERA;NIÑO O NIÑA ENTRE 6 MESES Y 5 AÑOS Y 11 MESES;VENEZUELA
8;M;6 MESES - 5 AÑOS;NO SE AUTORRECONOCE EN NINGUNO DE LOS ANTERIORES;NO;RESTO;NIÑO O NIÑA ENTRE 6 MESES Y 5 AÑOS Y 11 MESES;VENEZUELA
9;H;6 MESES - 5 AÑOS;AFROCOLOMBIANO (A);NO;RESTO;NIÑO O NIÑA ENTRE 6 MESES Y 5 AÑOS Y 11 MESES;COLOMBIA
10;M;6 MESES - 5 AÑOS;INDÍGENA;NO;RESTO;NIÑO O NIÑA DE 6 AÑOS A 9 AÑOS, 11 MESES, 29 DAS;COLOMBIA
11;M;MAYOR A 18 AÑOS;NO SE AUTORRECONOCE EN NINGUNO DE LOS ANTERIORES;NO;RESTO;PERSONA GESTANTE;COLOMBIA
12;H;6 MESES - 5 AÑOS;INDÍGENA;NO;RESTO;NIÑO O NIÑA DE 6 AÑOS A 9 AÑOS, 11 MESES, 29 DAS;COLOMBIA
13;M;MAYOR A 18 AÑOS;INDÍGENA;NO;RESTO;JOVEN;COLOMBIA
14;M;MAYOR A 18 AÑOS;NO SE AUTORRECONOCE EN NINGUNO DE LOS ANTERIORES;NO;CABECERA;PERSONA GESTANTE;COLOMBIA
15;M;14 - 17 AÑOS;NO SE AUTORRECONOCE EN NINGUNO DE LOS ANTERIORES;NO;RESTO;PERSONA GESTANTE;COLOMBIA
16;H;6 MESES - 5 AÑOS;NO SE AUTORRECONOCE EN NINGUNO DE LOS ANTERIORES;NO;RESTO;NIÑO O NIÑA ENTRE 6 MESES Y 5 AÑOS Y 11 MESES;COLOMBIA
17;H;6 MESES - 5 AÑOS;NO SE AUTORRECONOCE EN NINGUNO DE LOS ANTERIORES;NO;RESTO;NIÑAS Y NIÑOS HASTA LOS CINCO (5) AÑOS, ONCE (11) MESES VEINTINUEVE (29) DAS;COLOMBIA
18;M;0-6 MESES;NO SE AUTORRECONOCE EN NINGUNO DE LOS ANTERIORES;NO;RESTO;MENOR DE SEIS MESES;COLOMBIA
19;H;6 MESES - 5 AÑOS;NO SE AUTORRECONOCE EN NINGUNO DE LOS ANTERIORES;NO;CABECERA;NIÑA O NIÑO ENTRE LOS 7 MESES Y (2) DOS AÑOS DE EDAD;COLOMBIA
20;M;0-6 MESES;NO SE AUTORRECONOCE EN NINGUNO DE LOS ANTERIORES;NO;CABECERA;NIÑO O NIÑA ENTRE 6 MESES Y 5 AÑOS Y 11 MESES;COLOMBIA
21;H;0-6 MESES;NO SE AUTORRECONOCE EN NINGUNO DE LOS ANTERIORES;NO;CABECERA;MENOR DE SEIS MESES;COLOMBIA
22;H;0-6 MESES;NO SE AUTORRECONOCE EN NINGUNO DE LOS ANTERIORES;NO;CABECERA;NIÑO O NIÑA ENTRE 6 MESES Y 5 AÑOS Y 11 MESES;COLOMBIA
23;M;MAYOR A 18 AÑOS;NO SE AUTORRECONOCE EN NINGUNO DE LOS ANTERIORES;NO;CABECERA;PERSONA GESTANTE;VENEZUELA
24;M;6 MESES - 5 AÑOS;NO SE AUTORRECONOCE EN NINGUNO DE LOS ANTERIORES;SI;CABECERA;NIÑO O NIÑA ENTRE 6 MESES Y 5 AÑOS Y 11 MESES;COLOMBIA
25;M;0-6 MESES;NO SE AUTORRECONOCE EN NINGUNO DE LOS ANTERIORES;NO;CABECERA;MENOR DE SEIS MESES;COLOMBIA
26;M;6 MESES - 5 AÑOS;NO SE AUTORRECONOCE EN NINGUNO DE LOS ANTERIORES;NO;RESTO;NIÑO O NIÑA ENTRE 6 MESES Y 5 AÑOS Y 11 MESES;COLOMBIA
27;H;6 MESES - 5 AÑOS;NO SE AUTORRECONOCE EN NINGUNO DE LOS ANTERIORES;SI;CABECERA;NIÑO O NIÑA ENTRE 6 MESES Y 5 AÑOS Y 11 MESES;COLOMBIA
28;M;MAYOR A 18 AÑOS;NO SE AUTORRECONOCE EN NINGUNO DE LOS ANTERIORES;NO;RESTO;ADULTOS DE 29 A 39 AÑOS;COLOMBIA
29;M;14 - 17 AÑOS;INDÍGENA;NO;RESTO;ADOLESCENTE;COLOMBIA
30;H;0-6 MESES;NO SE AUTORRECONOCE EN NINGUNO DE LOS ANTERIORES;NO;RESTO;NIÑO O NIÑA ENTRE 6 MESES Y 5 AÑOS Y 11 MESES;COLOMBIA
31;M;0-6 MESES;NO SE AUTORRECONOCE EN NINGUNO DE LOS ANTERIORES;NO;RESTO;NIÑO O NIÑA ENTRE 6 MESES Y 5 AÑOS Y 11 MESES;COLOMBIA
32;H;6 MESES - 5 AÑOS;NO SE AUTORRECONOCE EN NINGUNO DE LOS ANTERIORES;NO;CABECERA;NIÑAS Y NIÑOS HASTA LOS CINCO (5) AÑOS, ONCE (11) MESES VEINTINUEVE (29) DAS;COLOMBIA
33;H;6 MESES - 5 AÑOS;INDÍGENA;NO;RESTO;NIÑO O NIÑA ENTRE 6 MESES Y 5 AÑOS Y 11 MESES;COLOMBIA
34;M;9 - 13 AÑOS;INDÍGENA;NO;RESTO;NIÑO O NIÑA DE 6 AÑOS A 9 AÑOS, 11 MESES, 29 DAS;COLOMBIA
35;H;6 - 8 AÑOS;INDÍGENA;NO;RESTO;NIÑO O NIÑA DE 6 AÑOS A 9 AÑOS, 11 MESES, 29 DAS;COLOMBIA
36;M;14 - 17 AÑOS;NO SE AUTORRECONOCE EN NINGUNO DE LOS ANTERIORES;NO;CABECERA;PERSONA GESTANTE;COLOMBIA
37;H;6 MESES - 5 AÑOS;NO SE AUTORRECONOCE EN NINGUNO DE LOS ANTERIORES;NO;CABECERA;NIÑA O NIÑO DESDE LOS SIETE (7) MESES HASTA LOS DOS (2) AÑOS, ONCE (11) MESES Y VEINTINUEVE (29) DIAS;COLOMBIA
38;M;6 MESES - 5 AÑOS;NO SE AUTORRECONOCE EN NINGUNO DE LOS ANTERIORES;NO;CABECERA;NIÑA O NIÑO DESDE LOS SIETE (7) MESES HASTA LOS DOS (2) AÑOS, ONCE (11) MESES Y VEINTINUEVE (29) DIAS;COLOMBIA
39;H;9 - 13 AÑOS;INDÍGENA;NO;RESTO;NIÑO O NIÑA DE 6 AÑOS A 9 AÑOS, 11 MESES, 29 DAS;COLOMBIA
40;H;6 - 8 AÑOS;INDÍGENA;NO;RESTO;NIÑO O NIÑA ENTRE 6 MESES Y 5 AÑOS Y 11 MESES;COLOMBIA
41;H;6 MESES - 5 AÑOS;NO SE AUTORRECONOCE EN NINGUNO DE LOS ANTERIORES;NO;CABECERA;NIÑO O NIÑA ENTRE 6 MESES Y 5 AÑOS Y 11 MESES;ECUADOR
42;H;6 MESES - 5 AÑOS;NO SE AUTORRECONOCE EN NINGUNO DE LOS ANTERIORES;NO;RESTO;NIÑO O NIÑA ENTRE 6 MESES Y 5 AÑOS Y 11 MESES;VENEZUELA
43;H;9 - 13 AÑOS;NO SE AUTORRECONOCE EN NINGUNO DE LOS ANTERIORES;NO;RESTO;NIÑO O NIÑA 10 AÑOS A 13 AÑOS, 11 MESES, 29 DIAS;COLOMBIA
44;M;MAYOR A 18 AÑOS;INDÍGENA;NO;RESTO;ADULTOS DE 29 A 39 AÑOS;COLOMBIA
45;H;0-6 MESES;NO SE AUTORRECONOCE EN NINGUNO DE LOS ANTERIORES;NO;RESTO;MENOR DE SEIS MESES;COLOMBIA
46;H;6 MESES - 5 AÑOS;NO SE AUTORRECONOCE EN NINGUNO DE LOS ANTERIORES;NO;RESTO;NIÑO O NIÑA ENTRE 6 MESES Y 5 AÑOS Y 11 MESES;ECUADOR
47;M;6 MESES - 5 AÑOS;NO SE AUTORRECONOCE EN NINGUNO DE LOS ANTERIORES;NO;CABECERA;NIÑO O NIÑA ENTRE 6 MESES Y 5 AÑOS Y 11 MESES;MEXICO
48;M;6 MESES - 5 AÑOS;NO SE AUTORRECONOCE EN NINGUNO DE LOS ANTERIORES;NO;CABECERA;NIÑO O NIÑA ENTRE 6 MESES Y 5 AÑOS Y 11 MESES;CHILE
49;M;6 MESES - 5 AÑOS;NO SE AUTORRECONOCE EN NINGUNO DE LOS ANTERIORES;NO;CABECERA;NIÑO O NIÑA ENTRE 6 MESES Y 5 AÑOS Y 11 MESES;BRASIL
50;H;6 MESES - 5 AÑOS;NO SE AUTORRECONOCE EN NINGUNO DE LOS ANTERIORES;NO;CABECERA;NIÑO O NIÑA ENTRE 6 MESES Y 5 AÑOS Y 11 MESES;GUATEMALA
51;M;6 MESES - 5 AÑOS;NO SE AUTORRECONOCE EN NINGUNO DE LOS ANTERIORES;NO;RESTO;NIÑAS Y NIÑOS HASTA LOS CINCO (5) AÑOS, ONCE (11) MESES VEINTINUEVE (29) DAS;VENEZUELA
52;M;MAYOR A 18 AÑOS;NO SE AUTORRECONOCE EN NINGUNO DE LOS ANTERIORES;NO;RESTO;PERSONA GESTANTE;VENEZUELA
53;M;0-6 MESES;AFROCOLOMBIANO (A);NO;CABECERA;NIÑO O NIÑA ENTRE 6 MESES Y 5 AÑOS Y 11 MESES;COLOMBIA
54;H;6 - 8 AÑOS;NO SE AUTORRECONOCE EN NINGUNO DE LOS ANTERIORES;NO;RESTO;NIÑO O NIÑA DE 6 AÑOS A 9 AÑOS, 11 MESES, 29 DAS;COLOMBIA
55;M;9 - 13 AÑOS;INDÍGENA;NO;RESTO;NIÑO O NIÑA 10 AÑOS A 13 AÑOS, 11 MESES, 29 DIAS;COLOMBIA
56;H;9 - 13 AÑOS;INDÍGENA;NO;RESTO;NIÑO O NIÑA 10 AÑOS A 13 AÑOS, 11 MESES, 29 DIAS;COLOMBIA
57;M;6 MESES - 5 AÑOS;INDÍGENA;NO;RESTO;NIÑO O NIÑA ENTRE 6 MESES Y 5 AÑOS Y 11 MESES;COLOMBIA
58;M;0-6 MESES;NO SE AUTORRECONOCE EN NINGUNO DE LOS ANTERIORES;NO;CABECERA;NIÑA O NIÑO DESDE LOS SIETE (7) MESES HASTA LOS DOS (2) AÑOS, ONCE (11) MESES Y VEINTINUEVE (29) DIAS;COLOMBIA
59;H;MAYOR A 18 AÑOS;NO SE AUTORRECONOCE EN NINGUNO DE LOS ANTERIORES;NO;RESTO;ADULTOS ENTRE 40 Y 59;COLOMBIA
60;H;6 MESES - 5 AÑOS;NO SE AUTORRECONOCE EN NINGUNO DE LOS ANTERIORES;NO;RESTO;NIÑA O NIÑO ENTRE LOS 7 MESES Y (2) DOS AÑOS DE EDAD;COLOMBIA
61;H;0-6 MESES;NO SE AUTORRECONOCE EN NINGUNO DE LOS ANTERIORES;NO;CABECERA;NIÑO O NIÑA ENTRE 6 MESES Y 5 AÑOS Y 11 MESES;VENEZUELA
62;M;6 MESES - 5 AÑOS;INDÍGENA;NO;CABECERA;NIÑO O NIÑA ENTRE 6 MESES Y 5 AÑOS Y 11 MESES;COLOMBIA
63;H;6 MESES - 5 AÑOS;NO SE AUTORRECONOCE EN NINGUNO DE LOS ANTERIORES;NO;RESTO;NIÑO O NIÑA ENTRE 6 MESES Y 5 AÑOS Y 11 MESES;PERU
64;H;6 MESES - 5 AÑOS;NO SE AUTORRECONOCE EN NINGUNO DE LOS ANTERIORES;NO;CABECERA;NIÑAS Y NIÑOS DEL RANGO DE 18 MESES A 4 AÑOS, 11 MESES Y 29 DIAS;COLOMBIA
65;H;6 MESES - 5 AÑOS;NO SE AUTORRECONOCE EN NINGUNO DE LOS ANTERIORES;NO;CABECERA;NIÑO O NIÑA ENTRE 6 MESES Y 5 AÑOS Y 11 MESES;CHILE
66;M;6 MESES - 5 AÑOS;NO SE AUTORRECONOCE EN NINGUNO DE LOS ANTERIORES;NO;CABECERA;NIÑAS Y NIÑOS HASTA LOS CINCO (5) AÑOS, ONCE (11) MESES VEINTINUEVE (29) DAS;COLOMBIA
67;H;6 MESES - 5 AÑOS;NO SE AUTORRECONOCE EN NINGUNO DE LOS ANTERIORES;NO;CABECERA;NIÑO O NIÑA ENTRE 6 MESES Y 5 AÑOS Y 11 MESES;MEXICO
68;H;6 MESES - 5 AÑOS;NO SE AUTORRECONOCE EN NINGUNO DE LOS ANTERIORES;NO;CABECERA;NIÑAS Y NIÑOS DEL RANGO DE 18 MESES A 4 AÑOS, 11 MESES Y 29 DIAS;VENEZUELA
69;M;6 MESES - 5 AÑOS;NO SE AUTORRECONOCE EN NINGUNO DE LOS ANTERIORES;NO;CABECERA;NIÑAS Y NIÑOS DEL RANGO DE 18 MESES A 4 AÑOS, 11 MESES Y 29 DIAS;COLOMBIA
70;M;6 MESES - 5 AÑOS;NO SE AUTORRECONOCE EN NINGUNO DE LOS ANTERIORES;NO;CABECERA;NIÑO O NIÑA ENTRE 6 MESES Y 5 AÑOS Y 11 MESES;PERU
71;M;6 MESES - 5 AÑOS;NO SE AUTORRECONOCE EN NINGUNO DE LOS ANTERIORES;NO;CABECERA;NIÑO O NIÑA ENTRE 6 MESES Y 5 AÑOS Y 11 MESES;BOLIVIA
72;H;6 MESES - 5 AÑOS;COMUNIDAD NEGRA;NO;CABECERA;NIÑO O NIÑA ENTRE 6 MESES Y 5 AÑOS Y 11 MESES;COLOMBIA
73;M;6 MESES - 5 AÑOS;NO SE AUTORRECONOCE EN NINGUNO DE LOS ANTERIORES;NO;CABECERA;NIÑO O NIÑA ENTRE 6 MESES Y 5 AÑOS Y 11 MESES;PANAMA
74;M;6 MESES - 5 AÑOS;NO SE AUTORRECONOCE EN NINGUNO DE LOS ANTERIORES;NO;CABECERA;NIÑA O NIÑO ENTRE LOS 7 MESES Y (2) DOS AÑOS DE EDAD;COLOMBIA
75;M;14 - 17 AÑOS;NO SE AUTORRECONOCE EN NINGUNO DE LOS ANTERIORES;NO;CABECERA;PERSONA GESTANTE;VENEZUELA
76;H;0-6 MESES;NO SE AUTORRECONOCE EN NINGUNO DE LOS ANTERIORES;NO;CABECERA;MENOR DE SEIS MESES;MEXICO
77;M;6 MESES - 5 AÑOS;NO SE AUTORRECONOCE EN NINGUNO DE LOS ANTERIORES;NO;RESTO;NIÑA O NIÑO ENTRE LOS 7 MESES Y (2) DOS AÑOS DE EDAD;COLOMBIA
78;M;6 MESES - 5 AÑOS;NO SE AUTORRECONOCE EN NINGUNO DE LOS ANTERIORES;NO;CABECERA;NIÑO O NIÑA ENTRE 6 MESES Y 5 AÑOS Y 11 MESES;ESTADOS UNIDOS
79;H;6 MESES - 5 AÑOS;NO SE AUTORRECONOCE EN NINGUNO DE LOS ANTERIORES;SI;CABECERA;NIÑO O NIÑA ENTRE 6 MESES Y 5 AÑOS Y 11 MESES;VENEZUELA
80;M;6 MESES - 5 AÑOS;NO SE AUTORRECONOCE EN NINGUNO DE LOS ANTERIORES;SI;CABECERA;NIÑO O NIÑA ENTRE 6 MESES Y 5 AÑOS Y 11 MESES;VENEZUELA
81;M;6 MESES - 5 AÑOS;NO SE AUTORRECONOCE EN NINGUNO DE LOS ANTERIORES;NO;RESTO;NIÑAS Y NIÑOS HASTA LOS CINCO (5) AÑOS, ONCE (11) MESES VEINTINUEVE (29) DAS;COLOMBIA
82;M;6 MESES - 5 AÑOS;NO SE AUTORRECONOCE EN NINGUNO DE LOS ANTERIORES;NO;CABECERA;NIÑAS Y NIÑOS HASTA LOS CINCO (5) AÑOS, ONCE (11) MESES VEINTINUEVE (29) DAS;PERU
83;H;6 MESES - 5 AÑOS;NO SE AUTORRECONOCE EN NINGUNO DE LOS ANTERIORES;NO;CABECERA;NIÑAS Y NIÑOS HASTA LOS CINCO (5) AÑOS, ONCE (11) MESES VEINTINUEVE (29) DAS;VENEZUELA
84;H;6 MESES - 5 AÑOS;NO SE AUTORRECONOCE EN NINGUNO DE LOS ANTERIORES;NO;CABECERA;NIÑO O NIÑA ENTRE 6 MESES Y 5 AÑOS Y 11 MESES;BRASIL
85;I;6 MESES - 5 AÑOS;NO SE AUTORRECONOCE EN NINGUNO DE LOS ANTERIORES;NO;CABECERA;NIÑO O NIÑA ENTRE 6 MESES Y 5 AÑOS Y 11 MESES;COLOMBIA
86;H;6 MESES - 5 AÑOS;NO SE AUTORRECONOCE EN NINGUNO DE LOS ANTERIORES;NO;CABECERA;NIÑO O NIÑA ENTRE 6 MESES Y 5 AÑOS Y 11 MESES;REPUBLICA DOMINICANA
87;H;6 MESES - 5 AÑOS;NO SE AUTORRECONOCE EN NINGUNO DE LOS ANTERIORES;NO;CABECERA;NIÑO O NIÑA ENTRE 6 MESES Y 5 AÑOS Y 11 MESES;ARGENTINA
88;M;6 MESES - 5 AÑOS;NO SE AUTORRECONOCE EN NINGUNO DE LOS ANTERIORES;NO;CABECERA;NIÑO O NIÑA ENTRE 6 MESES Y 5 AÑOS Y 11 MESES;ARGENTINA
89;H;6 MESES - 5 AÑOS;NO SE AUTORRECONOCE EN NINGUNO DE LOS ANTERIORES;NO;CABECERA;NIÑAS Y NIÑOS HASTA LOS CINCO (5) AÑOS, ONCE (11) MESES VEINTINUEVE (29) DAS;ECUADOR
90;M;6 MESES - 5 AÑOS;NO SE AUTORRECONOCE EN NINGUNO DE LOS ANTERIORES;NO;CABECERA;NIÑAS Y NIÑOS HASTA LOS CINCO (5) AÑOS, ONCE (11) MESES VEINTINUEVE (29) DAS;VENEZUELA
91;H;6 MESES - 5 AÑOS;NO SE AUTORRECONOCE EN NINGUNO DE LOS ANTERIORES;NO;CABECERA;NIÑO O NIÑA ENTRE 6 MESES Y 5 AÑOS Y 11 MESES;PANAMA
92;M;6 MESES - 5 AÑOS;NO SE AUTORRECONOCE EN NINGUNO DE LOS ANTERIORES;NO;RESTO;NIÑAS Y NIÑOS DEL RANGO DE 18 MESES A 4 AÑOS, 11 MESES Y 29 DIAS;COLOMBIA
93;H;6 MESES - 5 AÑOS;NO SE AUTORRECONOCE EN NINGUNO DE LOS ANTERIORES;NO;CABECERA;NIÑO O NIÑA ENTRE 6 MESES Y 5 AÑOS Y 11 MESES;ESTADOS UNIDOS
94;M;6 MESES - 5 AÑOS;NO SE AUTORRECONOCE EN NINGUNO DE LOS ANTERIORES;SI;CABECERA;NIÑO O NIÑA ENTRE 6 MESES Y 5 AÑOS Y 11 MESES;PERU
95;M;MAYOR A 18 AÑOS;NO SE AUTORRECONOCE EN NINGUNO DE LOS ANTERIORES;NO;CABECERA;NIÑO O NIÑA ENTRE 6 MESES Y 5 AÑOS Y 11 MESES;COLOMBIA
96;M;6 MESES - 5 AÑOS;NO SE AUTORRECONOCE EN NINGUNO DE LOS ANTERIORES;NO;CABECERA;NIÑO O NIÑA ENTRE 6 MESES Y 5 AÑOS Y 11 MESES;AFGANISTAN
97;H;6 MESES - 5 AÑOS;NO SE AUTORRECONOCE EN NINGUNO DE LOS ANTERIORES;NO;RESTO;NIÑAS Y NIÑOS DEL RANGO DE 18 MESES A 4 AÑOS, 11 MESES Y 29 DIAS;COLOMBIA
98;M;0-6 MESES;NO SE AUTORRECONOCE EN NINGUNO DE LOS ANTERIORES;NO;CABECERA;MENOR DE SEIS MESES;VENEZUELA
99;M;0-6 MESES;NO SE AUTORRECONOCE EN NINGUNO DE LOS ANTERIORES;NO;CABECERA;NIÑO O NIÑA ENTRE 6 MESES Y 5 AÑOS Y 11 MESES;VENEZUELA
100;M;MAYOR A 18 AÑOS;NO SE AUTORRECONOCE EN NINGUNO DE LOS ANTERIORES;NO;CABECERA;PERSONA GESTANTE;ESTADOS UNIDOS
101;M;6 MESES - 5 AÑOS;NO SE AUTORRECONOCE EN NINGUNO DE LOS ANTERIORES;NO;RESTO;NIÑO O NIÑA ENTRE 6 MESES Y 5 AÑOS Y 11 MESES;CHILE
102;H;0-6 MESES;NO SE AUTORRECONOCE EN NINGUNO DE LOS ANTERIORES;NO;CABECERA;MENOR DE SEIS MESES;VENEZUELA
103;M;0-6 MESES;NO SE AUTORRECONOCE EN NINGUNO DE LOS ANTERIORES;NO;RESTO;MENOR DE SEIS MESES;VENEZUELA
104;H;6 MESES - 5 AÑOS;NO SE AUTORRECONOCE EN NINGUNO DE LOS ANTERIORES;SI;RESTO;NIÑO O NIÑA ENTRE 6 MESES Y 5 AÑOS Y 11 MESES;COLOMBIA
105;H;6 MESES - 5 AÑOS;NO SE AUTORRECONOCE EN NINGUNO DE LOS ANTERIORES;NO;RESTO;NIÑAS Y NIÑOS DEL RANGO DE 18 MESES A 4 AÑOS, 11 MESES Y 29 DIAS;VENEZUELA
106;H;MAYOR A 18 AÑOS;NO SE AUTORRECONOCE EN NINGUNO DE LOS ANTERIORES;NO;SIN INFORMACIÓN;NIÑO O NIÑA ENTRE 6 MESES Y 5 AÑOS Y 11 MESES;SIN INFORMACIÓN
107;M;0-6 MESES;NO SE AUTORRECONOCE EN NINGUNO DE LOS ANTERIORES;NO;RESTO;NIÑAS Y NIÑOS HASTA LOS CINCO (5) AÑOS, ONCE (11) MESES VEINTINUEVE (29) DAS;COLOMBIA
108;I;6 MESES - 5 AÑOS;NO SE AUTORRECONOCE EN NINGUNO DE LOS ANTERIORES;NO;RESTO;NIÑO O NIÑA ENTRE 6 MESES Y 5 AÑOS Y 11 MESES;COLOMBIA
109;M;0-6 MESES;NO SE AUTORRECONOCE EN NINGUNO DE LOS ANTERIORES;NO;CABECERA;NIÑAS Y NIÑOS HASTA LOS CINCO (5) AÑOS, ONCE (11) MESES VEINTINUEVE (29) DAS;COLOMBIA
110;H;6 MESES - 5 AÑOS;INDÍGENA;NO;CABECERA;NIÑO O NIÑA ENTRE 6 MESES Y 5 AÑOS Y 11 MESES;COLOMBIA
111;M;6 MESES - 5 AÑOS;COMUNIDAD NEGRA;NO;CABECERA;NIÑO O NIÑA ENTRE 6 MESES Y 5 AÑOS Y 11 MESES;COLOMBIA
112;M;14 - 17 AÑOS;NO SE AUTORRECONOCE EN NINGUNO DE LOS ANTERIORES;NO;RESTO;PERSONA GESTANTE;VENEZUELA
113;M;6 MESES - 5 AÑOS;PALENQUERO (A);NO;CABECERA;NIÑO O NIÑA ENTRE 6 MESES Y 5 AÑOS Y 11 MESES;COLOMBIA
114;H;6 MESES - 5 AÑOS;NO SE AUTORRECONOCE EN NINGUNO DE LOS ANTERIORES;NO;CABECERA;NIÑO O NIÑA ENTRE 6 MESES Y 5 AÑOS Y 11 MESES;ALEMANIA
115;M;6 MESES - 5 AÑOS;NO SE AUTORRECONOCE EN NINGUNO DE LOS ANTERIORES;NO;CABECERA;NIÑO O NIÑA ENTRE 6 MESES Y 5 AÑOS Y 11 MESES;ALEMANIA
116;M;MAYOR A 18 AÑOS;NO SE AUTORRECONOCE EN NINGUNO DE LOS ANTERIORES;NO;SIN INFORMACIÓN;PERSONA GESTANTE;VENEZUELA
117;I;6 MESES - 5 AÑOS;NO SE AUTORRECONOCE EN NINGUNO DE LOS ANTERIORES;NO;CABECERA;NIÑAS Y NIÑOS HASTA LOS CINCO (5) AÑOS, ONCE (11) MESES VEINTINUEVE (29) DAS;COLOMBIA
118;H;6 MESES - 5 AÑOS;NO SE AUTORRECONOCE EN NINGUNO DE LOS ANTERIORES;NO;RESTO;NIÑO O NIÑA ENTRE 6 MESES Y 5 AÑOS Y 11 MESES;CHILE
119;H;MAYOR A 18 AÑOS;NO SE AUTORRECONOCE EN NINGUNO DE LOS ANTERIORES;NO;CABECERA;PERSONA GESTANTE;COLOMBIA
120;H;6 MESES - 5 AÑOS;AFROCOLOMBIANO (A);NO;CABECERA;NIÑO O NIÑA ENTRE 6 MESES Y 5 AÑOS Y 11 MESES;COLOMBIA
121;M;6 MESES - 5 AÑOS;NO SE AUTORRECONOCE EN NINGUNO DE LOS ANTERIORES;NO;CABECERA;NIÑAS Y NIÑOS DEL RANGO DE 18 MESES A 4 AÑOS, 11 MESES Y 29 DIAS;VENEZUELA
122;H;6 MESES - 5 AÑOS;NO SE AUTORRECONOCE EN NINGUNO DE LOS ANTERIORES;NO;RESTO;NIÑAS Y NIÑOS HASTA LOS CINCO (5) AÑOS, ONCE (11) MESES VEINTINUEVE (29) DAS;VENEZUELA
123;M;6 MESES - 5 AÑOS;NO SE AUTORRECONOCE EN NINGUNO DE LOS ANTERIORES;NO;RESTO;NIÑAS Y NIÑOS HASTA LOS CINCO (5) AÑOS, ONCE (11) MESES VEINTINUEVE (29) DAS;PANAMA
124;H;6 MESES - 5 AÑOS;NO SE AUTORRECONOCE EN NINGUNO DE LOS ANTERIORES;NO;CABECERA;NIÑA O NIÑO ENTRE LOS 7 MESES Y (2) DOS AÑOS DE EDAD;PERU
125;M;0-6 MESES;NO SE AUTORRECONOCE EN NINGUNO DE LOS ANTERIORES;NO;RESTO;NIÑO O NIÑA ENTRE 6 MESES Y 5 AÑOS Y 11 MESES;VENEZUELA
126;H;6 MESES - 5 AÑOS;NO SE AUTORRECONOCE EN NINGUNO DE LOS ANTERIORES;NO;CABECERA;NIÑO O NIÑA ENTRE 6 MESES Y 5 AÑOS Y 11 MESES;URUGUAY
127;H;6 MESES - 5 AÑOS;NO SE AUTORRECONOCE EN NINGUNO DE LOS ANTERIORES;NO;CABECERA;NIÑO O NIÑA ENTRE 6 MESES Y 5 AÑOS Y 11 MESES;VANUATU
128;H;6 MESES - 5 AÑOS;NO SE AUTORRECONOCE EN NINGUNO DE LOS ANTERIORES;SI;CABECERA;NIÑO O NIÑA ENTRE 6 MESES Y 5 AÑOS Y 11 MESES;ESPAÑA
129;H;0-6 MESES;NO SE AUTORRECONOCE EN NINGUNO DE LOS ANTERIORES;NO;SIN INFORMACIÓN;NIÑO O NIÑA ENTRE 6 MESES Y 5 AÑOS Y 11 MESES;COLOMBIA
130;M;6 MESES - 5 AÑOS;NO SE AUTORRECONOCE EN NINGUNO DE LOS ANTERIORES;SI;RESTO;NIÑO O NIÑA ENTRE 6 MESES Y 5 AÑOS Y 11 MESES;COLOMBIA
131;H;6 MESES - 5 AÑOS;NO SE AUTORRECONOCE EN NINGUNO DE LOS ANTERIORES;NO;RESTO;NIÑO O NIÑA ENTRE 6 MESES Y 5 AÑOS Y 11 MESES;BRASIL
132;H;0-6 MESES;INDÍGENA;NO;RESTO;NIÑO O NIÑA ENTRE 6 MESES Y 5 AÑOS Y 11 MESES;COLOMBIA
133;M;6 MESES - 5 AÑOS;INDÍGENA;SI;RESTO;NIÑO O NIÑA ENTRE 6 MESES Y 5 AÑOS Y 11 MESES;COLOMBIA
134;M;MAYOR A 18 AÑOS;INDÍGENA;NO;RESTO;PERSONA GESTANTE;COLOMBIA
135;M;0-6 MESES;INDÍGENA;NO;RESTO;NIÑO O NIÑA ENTRE 6 MESES Y 5 AÑOS Y 11 MESES;COLOMBIA
136;M;0-6 MESES;NO SE AUTORRECONOCE EN NINGUNO DE LOS ANTERIORES;NO;RESTO;PERSONA GESTANTE;COLOMBIA
137;M;0-6 MESES;NO SE AUTORRECONOCE EN NINGUNO DE LOS ANTERIORES;NO;RESTO;NIÑAS Y NIÑOS MENORES DE 7 MESES;COLOMBIA
138;H;0-6 MESES;INDÍGENA;NO;RESTO;MENOR DE SEIS MESES;COLOMBIA
139;H;0-6 MESES;NO SE AUTORRECONOCE EN NINGUNO DE LOS ANTERIORES;NO;RESTO;NIÑAS Y NIÑOS MENORES DE 7 MESES;COLOMBIA
140;M;14 - 17 AÑOS;INDÍGENA;NO;RESTO;PERSONA GESTANTE;COLOMBIA
141;M;6 MESES - 5 AÑOS;NO SE AUTORRECONOCE EN NINGUNO DE LOS ANTERIORES;NO;RESTO;NIÑA O NIÑO DESDE LOS SIETE (7) MESES HASTA LOS DOS (2) AÑOS, ONCE (11) MESES Y VEINTINUEVE (29) DIAS;COLOMBIA
142;I;6 MESES - 5 AÑOS;INDÍGENA;NO;RESTO;NIÑO O NIÑA ENTRE 6 MESES Y 5 AÑOS Y 11 MESES;COLOMBIA
143;M;6 MESES - 5 AÑOS;AFROCOLOMBIANO (A);NO;CABECERA;NIÑO O NIÑA ENTRE 6 MESES Y 5 AÑOS Y 11 MESES;COLOMBIA
144;M;6 MESES - 5 AÑOS;NO SE AUTORRECONOCE EN NINGUNO DE LOS ANTERIORES;NO;RESTO;NIÑO O NIÑA ENTRE 6 MESES Y 5 AÑOS Y 11 MESES;PERU
145;H;6 MESES - 5 AÑOS;NO SE AUTORRECONOCE EN NINGUNO DE LOS ANTERIORES;NO;RESTO;NIÑO O NIÑA ENTRE 6 MESES Y 5 AÑOS Y 11 MESES;PANAMA
146;M;6 MESES - 5 AÑOS;NO SE AUTORRECONOCE EN NINGUNO DE LOS ANTERIORES;NO;RESTO;NIÑO O NIÑA ENTRE 6 MESES Y 5 AÑOS Y 11 MESES;PANAMA
147;H;0-6 MESES;NO SE AUTORRECONOCE EN NINGUNO DE LOS ANTERIORES;NO;RESTO;NIÑO O NIÑA ENTRE 6 MESES Y 5 AÑOS Y 11 MESES;PERU
148;H;0-6 MESES;NO SE AUTORRECONOCE EN NINGUNO DE LOS ANTERIORES;NO;RESTO;NIÑO O NIÑA ENTRE 6 MESES Y 5 AÑOS Y 11 MESES;VENEZUELA
149;H;6 MESES - 5 AÑOS;NO SE AUTORRECONOCE EN NINGUNO DE LOS ANTERIORES;NO;RESTO;NIÑO O NIÑA ENTRE 6 MESES Y 5 AÑOS Y 11 MESES;MEXICO
150;H;6 MESES - 5 AÑOS;NO SE AUTORRECONOCE EN NINGUNO DE LOS ANTERIORES;NO;RESTO;NIÑO O NIÑA ENTRE 6 MESES Y 5 AÑOS Y 11 MESES;ESPAÑA
151;H;6 MESES - 5 AÑOS;NO SE AUTORRECONOCE EN NINGUNO DE LOS ANTERIORES;NO;CABECERA;NIÑO O NIÑA ENTRE 6 MESES Y 5 AÑOS Y 11 MESES;ESPAÑA
152;I;6 MESES - 5 AÑOS;NO SE AUTORRECONOCE EN NINGUNO DE LOS ANTERIORES;NO;CABECERA;NIÑO O NIÑA ENTRE 6 MESES Y 5 AÑOS Y 11 MESES;VENEZUELA
153;H;6 MESES - 5 AÑOS;NO SE AUTORRECONOCE EN NINGUNO DE LOS ANTERIORES;NO;CABECERA;NIÑO O NIÑA ENTRE 6 MESES Y 5 AÑOS Y 11 MESES;ARUBA
154;M;6 MESES - 5 AÑOS;NO SE AUTORRECONOCE EN NINGUNO DE LOS ANTERIORES;NO;CABECERA;NIÑO O NIÑA ENTRE 6 MESES Y 5 AÑOS Y 11 MESES;WALLIS Y FUTUNA
155;M;9 - 13 AÑOS;NO SE AUTORRECONOCE EN NINGUNO DE LOS ANTERIORES;NO;RESTO;PERSONA GESTANTE;COLOMBIA
156;M;6 MESES - 5 AÑOS;NO SE AUTORRECONOCE EN NINGUNO DE LOS ANTERIORES;NO;RESTO;NIÑO O NIÑA ENTRE 6 MESES Y 5 AÑOS Y 11 MESES;ECUADOR
157;H;6 MESES - 5 AÑOS;NO SE AUTORRECONOCE EN NINGUNO DE LOS ANTERIORES;NO;CABECERA;NIÑAS Y NIÑOS DEL RANGO DE 18 MESES A 4 AÑOS, 11 MESES Y 29 DIAS;MEXICO
158;M;MAYOR A 18 AÑOS;NO SE AUTORRECONOCE EN NINGUNO DE LOS ANTERIORES;NO;RESTO;PERSONA GESTANTE;TOGO
159;H;6 MESES - 5 AÑOS;NO SE AUTORRECONOCE EN NINGUNO DE LOS ANTERIORES;NO;CABECERA;NIÑO O NIÑA ENTRE 6 MESES Y 5 AÑOS Y 11 MESES;AUSTRALIA
160;I;0-6 MESES;NO SE AUTORRECONOCE EN NINGUNO DE LOS ANTERIORES;NO;RESTO;NIÑO O NIÑA ENTRE 6 MESES Y 5 AÑOS Y 11 MESES;COLOMBIA
161;M;MAYOR A 18 AÑOS;NO SE AUTORRECONOCE EN NINGUNO DE LOS ANTERIORES;SI;RESTO;PERSONA GESTANTE;COLOMBIA
162;M;0-6 MESES;INDÍGENA;NO;RESTO;MENOR DE SEIS MESES;COLOMBIA
163;H;0-6 MESES;NO SE AUTORRECONOCE EN NINGUNO DE LOS ANTERIORES;NO;CABECERA;NIÑA O NIÑO HASTA LOS CUATRO (4) AÑOS, ONCE (11) MESES Y VEINTINUEVE (29) DIAS;COLOMBIA
164;M;0-6 MESES;NO SE AUTORRECONOCE EN NINGUNO DE LOS ANTERIORES;SI;CABECERA;NIÑO O NIÑA ENTRE 6 MESES Y 5 AÑOS Y 11 MESES;COLOMBIA
165;H;6 MESES - 5 AÑOS;NO SE AUTORRECONOCE EN NINGUNO DE LOS ANTERIORES;NO;RESTO;NIÑA O NIÑO DESDE LOS SIETE (7) MESES HASTA LOS DOS (2) AÑOS, ONCE (11) MESES Y VEINTINUEVE (29) DIAS;COLOMBIA
166;H;0-6 MESES;NO SE AUTORRECONOCE EN NINGUNO DE LOS ANTERIORES;NO;RESTO;MENOR DE SEIS MESES;VENEZUELA
167;H;6 MESES - 5 AÑOS;NO SE AUTORRECONOCE EN NINGUNO DE LOS ANTERIORES;NO;RESTO;NIÑA O NIÑO HASTA LOS CUATRO (4) AÑOS, ONCE (11) MESES Y VEINTINUEVE (29) DIAS;VENEZUELA
168;M;6 MESES - 5 AÑOS;NO SE AUTORRECONOCE EN NINGUNO DE LOS ANTERIORES;NO;RESTO;NIÑA O NIÑO HASTA LOS CUATRO (4) AÑOS, ONCE (11) MESES Y VEINTINUEVE (29) DIAS;COLOMBIA
169;M;6 MESES - 5 AÑOS;NO SE AUTORRECONOCE EN NINGUNO DE LOS ANTERIORES;NO;CABECERA;NIÑO O NIÑA ENTRE 6 MESES Y 5 AÑOS Y 11 MESES;SUECIA
170;M;0-6 MESES;NO SE AUTORRECONOCE EN NINGUNO DE LOS ANTERIORES;SI;RESTO;NIÑO O NIÑA ENTRE 6 MESES Y 5 AÑOS Y 11 MESES;COLOMBIA
171;H;MAYOR A 18 AÑOS;INDÍGENA;NO;RESTO;ADULTOS ENTRE 40 Y 59;COLOMBIA
172;H;6 MESES - 5 AÑOS;INDÍGENA;SI;CABECERA;NIÑO O NIÑA ENTRE 6 MESES Y 5 AÑOS Y 11 MESES;COLOMBIA
173;M;6 MESES - 5 AÑOS;NO SE AUTORRECONOCE EN NINGUNO DE LOS ANTERIORES;NO;CABECERA;NIÑO O NIÑA ENTRE 6 MESES Y 5 AÑOS Y 11 MESES;GUATEMALA
174;M;6 MESES - 5 AÑOS;AFROCOLOMBIANO (A);NO;RESTO;NIÑO O NIÑA ENTRE 6 MESES Y 5 AÑOS Y 11 MESES;COLOMBIA
175;M;6 MESES - 5 AÑOS;NO SE AUTORRECONOCE EN NINGUNO DE LOS ANTERIORES;SI;CABECERA;NIÑO O NIÑA ENTRE 6 MESES Y 5 AÑOS Y 11 MESES;ESPAÑA
176;M;6 MESES - 5 AÑOS;NO SE AUTORRECONOCE EN NINGUNO DE LOS ANTERIORES;SI;CABECERA;NIÑO O NIÑA ENTRE 6 MESES Y 5 AÑOS Y 11 MESES;ESTADOS UNIDOS
177;H;6 MESES - 5 AÑOS;NO SE AUTORRECONOCE EN NINGUNO DE LOS ANTERIORES;NO;RESTO;NIÑA O NIÑO HASTA LOS CUATRO (4) AÑOS, ONCE (11) MESES Y VEINTINUEVE (29) DIAS;COLOMBIA
178;H;0-6 MESES;NO SE AUTORRECONOCE EN NINGUNO DE LOS ANTERIORES;NO;CABECERA;NIÑAS Y NIÑOS MENORES DE 7 MESES;COLOMBIA
179;H;6 - 8 AÑOS;NO SE AUTORRECONOCE EN NINGUNO DE LOS ANTERIORES;NO;CABECERA;NIÑO O NIÑA ENTRE 6 MESES Y 5 AÑOS Y 11 MESES;COLOMBIA
180;M;6 MESES - 5 AÑOS;NO SE AUTORRECONOCE EN NINGUNO DE LOS ANTERIORES;NO;RESTO;NIÑO O NIÑA ENTRE 6 MESES Y 5 AÑOS Y 11 MESES;VANUATU
181;M;6 MESES - 5 AÑOS;NO SE AUTORRECONOCE EN NINGUNO DE LOS ANTERIORES;NO;RESTO;NIÑO O NIÑA ENTRE 6 MESES Y 5 AÑOS Y 11 MESES;ARGENTINA
182;M;6 MESES - 5 AÑOS;NO SE AUTORRECONOCE EN NINGUNO DE LOS ANTERIORES;NO;RESTO;NIÑO O NIÑA ENTRE 6 MESES Y 5 AÑOS Y 11 MESES;ESTADOS UNIDOS
183;H;6 MESES - 5 AÑOS;NO SE AUTORRECONOCE EN NINGUNO DE LOS ANTERIORES;NO;RESTO;NIÑO O NIÑA ENTRE 6 MESES Y 5 AÑOS Y 11 MESES;BOLIVIA
184;H;6 MESES - 5 AÑOS;NO SE AUTORRECONOCE EN NINGUNO DE LOS ANTERIORES;SI;RESTO;NIÑO O NIÑA ENTRE 6 MESES Y 5 AÑOS Y 11 MESES;CHILE
185;H;6 MESES - 5 AÑOS;NO SE AUTORRECONOCE EN NINGUNO DE LOS ANTERIORES;NO;CABECERA;NIÑO O NIÑA ENTRE 6 MESES Y 5 AÑOS Y 11 MESES;FINLANDIA
186;M;6 MESES - 5 AÑOS;NO SE AUTORRECONOCE EN NINGUNO DE LOS ANTERIORES;NO;CABECERA;NIÑAS Y NIÑOS HASTA LOS CINCO (5) AÑOS, ONCE (11) MESES VEINTINUEVE (29) DAS;PANAMA
187;M;6 MESES - 5 AÑOS;NO SE AUTORRECONOCE EN NINGUNO DE LOS ANTERIORES;NO;CABECERA;NIÑO O NIÑA ENTRE 6 MESES Y 5 AÑOS Y 11 MESES;HONDURAS
188;H;6 MESES - 5 AÑOS;NO SE AUTORRECONOCE EN NINGUNO DE LOS ANTERIORES;SI;CABECERA;NIÑO O NIÑA ENTRE 6 MESES Y 5 AÑOS Y 11 MESES;ARGENTINA
189;M;0-6 MESES;NO SE AUTORRECONOCE EN NINGUNO DE LOS ANTERIORES;NO;SIN INFORMACIÓN;NIÑO O NIÑA ENTRE 6 MESES Y 5 AÑOS Y 11 MESES;COLOMBIA
190;M;0-6 MESES;NO SE AUTORRECONOCE EN NINGUNO DE LOS ANTERIORES;NO;RESTO;NIÑA O NIÑO HASTA LOS CUATRO (4) AÑOS, ONCE (11) MESES Y VEINTINUEVE (29) DIAS;COLOMBIA
191;M;6 MESES - 5 AÑOS;NO SE AUTORRECONOCE EN NINGUNO DE LOS ANTERIORES;NO;CABECERA;NIÑA O NIÑO HASTA LOS CUATRO (4) AÑOS, ONCE (11) MESES Y VEINTINUEVE (29) DIAS;COLOMBIA
192;M;14 - 17 AÑOS;NO SE AUTORRECONOCE EN NINGUNO DE LOS ANTERIORES;NO;CABECERA;NIÑO O NIÑA ENTRE 6 MESES Y 5 AÑOS Y 11 MESES;VENEZUELA
193;M;6 MESES - 5 AÑOS;NO SE AUTORRECONOCE EN NINGUNO DE LOS ANTERIORES;NO;RESTO;NIÑO O NIÑA ENTRE 6 MESES Y 5 AÑOS Y 11 MESES;COSTA RICA
194;H;6 MESES - 5 AÑOS;NO SE AUTORRECONOCE EN NINGUNO DE LOS ANTERIORES;NO;RESTO;NIÑO O NIÑA ENTRE 6 MESES Y 5 AÑOS Y 11 MESES;ESTADOS UNIDOS
195;M;0-6 MESES;INDÍGENA;NO;CABECERA;MENOR DE SEIS MESES;COLOMBIA
196;H;0-6 MESES;AFROCOLOMBIANO (A);NO;CABECERA;NIÑO O NIÑA ENTRE 6 MESES Y 5 AÑOS Y 11 MESES;COLOMBIA
197;H;0-6 MESES;INDÍGENA;NO;CABECERA;NIÑO O NIÑA ENTRE 6 MESES Y 5 AÑOS Y 11 MESES;COLOMBIA
198;H;0-6 MESES;AFROCOLOMBIANO (A);NO;RESTO;NIÑO O NIÑA ENTRE 6 MESES Y 5 AÑOS Y 11 MESES;COLOMBIA
199;M;0-6 MESES;AFROCOLOMBIANO (A);NO;RESTO;NIÑO O NIÑA ENTRE 6 MESES Y 5 AÑOS Y 11 MESES;COLOMBIA
200;H;0-6 MESES;AFROCOLOMBIANO (A);NO;RESTO;MENOR DE SEIS MESES;COLOMBIA
201;H;0-6 MESES;NO SE AUTORRECONOCE EN NINGUNO DE LOS ANTERIORES;NO;RESTO;NIÑAS Y NIÑOS HASTA LOS CINCO (5) AÑOS, ONCE (11) MESES VEINTINUEVE (29) DAS;COLOMBIA
202;M;0-6 MESES;NO SE AUTORRECONOCE EN NINGUNO DE LOS ANTERIORES;NO;RESTO;NIÑO O NIÑA ENTRE 6 MESES Y 5 AÑOS Y 11 MESES;ESPAÑA
203;M;6 MESES - 5 AÑOS;NO SE AUTORRECONOCE EN NINGUNO DE LOS ANTERIORES;NO;RESTO;NIÑO O NIÑA ENTRE 6 MESES Y 5 AÑOS Y 11 MESES;ESPAÑA
204;H;0-6 MESES;NO SE AUTORRECONOCE EN NINGUNO DE LOS ANTERIORES;SI;RESTO;NIÑO O NIÑA ENTRE 6 MESES Y 5 AÑOS Y 11 MESES;COLOMBIA
205;H;6 MESES - 5 AÑOS;NO SE AUTORRECONOCE EN NINGUNO DE LOS ANTERIORES;NO;CABECERA;NIÑO O NIÑA ENTRE 6 MESES Y 5 AÑOS Y 11 MESES;CANADA
206;M;14 - 17 AÑOS;NO SE AUTORRECONOCE EN NINGUNO DE LOS ANTERIORES;NO;CABECERA;PERSONA GESTANTE;ECUADOR
207;M;6 MESES - 5 AÑOS;NO SE AUTORRECONOCE EN NINGUNO DE LOS ANTERIORES;NO;RESTO;NIÑO O NIÑA ENTRE 6 MESES Y 5 AÑOS Y 11 MESES;BRASIL
208;M;0-6 MESES;NO SE AUTORRECONOCE EN NINGUNO DE LOS ANTERIORES;NO;RESTO;NIÑO O NIÑA ENTRE 6 MESES Y 5 AÑOS Y 11 MESES;ESTADOS UNIDOS
209;M;6 MESES - 5 AÑOS;NO SE AUTORRECONOCE EN NINGUNO DE LOS ANTERIORES;NO;CABECERA;NIÑO O NIÑA ENTRE 6 MESES Y 5 AÑOS Y 11 MESES;REPUBLICA DOMINICANA
210;H;6 MESES - 5 AÑOS;NO SE AUTORRECONOCE EN NINGUNO DE LOS ANTERIORES;NO;CABECERA;NIÑO O NIÑA ENTRE 6 MESES Y 5 AÑOS Y 11 MESES;COSTA RICA
211;M;6 MESES - 5 AÑOS;NO SE AUTORRECONOCE EN NINGUNO DE LOS ANTERIORES;NO;RESTO;NIÑO O NIÑA ENTRE 6 MESES Y 5 AÑOS Y 11 MESES;BOLIVIA
212;H;0-6 MESES;NO SE AUTORRECONOCE EN NINGUNO DE LOS ANTERIORES;NO;RESTO;NIÑA O NIÑO HASTA LOS CUATRO (4) AÑOS, ONCE (11) MESES Y VEINTINUEVE (29) DIAS;COLOMBIA
213;M;6 MESES - 5 AÑOS;NO SE AUTORRECONOCE EN NINGUNO DE LOS ANTERIORES;NO;RESTO;NIÑA O NIÑO HASTA LOS CUATRO (4) AÑOS, ONCE (11) MESES Y VEINTINUEVE (29) DIAS;VENEZUELA
214;M;9 - 13 AÑOS;NO SE AUTORRECONOCE EN NINGUNO DE LOS ANTERIORES;NO;CABECERA;PERSONA GESTANTE;COLOMBIA
215;H;6 MESES - 5 AÑOS;NO SE AUTORRECONOCE EN NINGUNO DE LOS ANTERIORES;NO;RESTO;NIÑO O NIÑA ENTRE 6 MESES Y 5 AÑOS Y 11 MESES;URUGUAY
216;H;9 - 13 AÑOS;NO SE AUTORRECONOCE EN NINGUNO DE LOS ANTERIORES;NO;RESTO;NIÑO O NIÑA ENTRE 6 MESES Y 5 AÑOS Y 11 MESES;COLOMBIA
217;H;6 MESES - 5 AÑOS;NO SE AUTORRECONOCE EN NINGUNO DE LOS ANTERIORES;NO;CABECERA;NIÑA O NIÑO HASTA LOS CUATRO (4) AÑOS, ONCE (11) MESES Y VEINTINUEVE (29) DIAS;COLOMBIA
218;M;MAYOR A 18 AÑOS;NO SE AUTORRECONOCE EN NINGUNO DE LOS ANTERIORES;NO;RESTO;NIÑO O NIÑA ENTRE 6 MESES Y 5 AÑOS Y 11 MESES;COLOMBIA
219;H;0-6 MESES;NO SE AUTORRECONOCE EN NINGUNO DE LOS ANTERIORES;NO;CABECERA;NIÑAS Y NIÑOS HASTA LOS CINCO (5) AÑOS, ONCE (11) MESES VEINTINUEVE (29) DAS;COLOMBIA
220;M;6 MESES - 5 AÑOS;INDÍGENA;NO;RESTO;NIÑO O NIÑA ENTRE 6 MESES Y 5 AÑOS Y 11 MESES;AFGANISTAN
221;H;6 MESES - 5 AÑOS;NO SE AUTORRECONOCE EN NINGUNO DE LOS ANTERIORES;NO;RESTO;NIÑO O NIÑA ENTRE 6 MESES Y 5 AÑOS Y 11 MESES;PORTUGAL
222;M;0-6 MESES;AFROCOLOMBIANO (A);NO;RESTO;MENOR DE SEIS MESES;COLOMBIA
223;M;MAYOR A 18 AÑOS;AFROCOLOMBIANO (A);NO;RESTO;PERSONA GESTANTE;COLOMBIA
224;I;0-6 MESES;NO SE AUTORRECONOCE EN NINGUNO DE LOS ANTERIORES;NO;RESTO;MENOR DE SEIS MESES;COLOMBIA
225;H;6 MESES - 5 AÑOS;NO SE AUTORRECONOCE EN NINGUNO DE LOS ANTERIORES;NO;CABECERA;NIÑO O NIÑA ENTRE 6 MESES Y 5 AÑOS Y 11 MESES;BOLIVIA
226;H;6 MESES - 5 AÑOS;NO SE AUTORRECONOCE EN NINGUNO DE LOS ANTERIORES;NO;CABECERA;NIÑO O NIÑA ENTRE 6 MESES Y 5 AÑOS Y 11 MESES;RUMANIA
227;M;0-6 MESES;INDÍGENA;NO;CABECERA;NIÑO O NIÑA ENTRE 6 MESES Y 5 AÑOS Y 11 MESES;COLOMBIA
228;H;6 MESES - 5 AÑOS;INDÍGENA;NO;CABECERA;NIÑO O NIÑA ENTRE 6 MESES Y 5 AÑOS Y 11 MESES;VENEZUELA
229;M;0-6 MESES;INDÍGENA;NO;CABECERA;NIÑO O NIÑA ENTRE 6 MESES Y 5 AÑOS Y 11 MESES;VENEZUELA
230;M;6 MESES - 5 AÑOS;INDÍGENA;NO;CABECERA;NIÑO O NIÑA ENTRE 6 MESES Y 5 AÑOS Y 11 MESES;VENEZUELA
231;M;0-6 MESES;NO SE AUTORRECONOCE EN NINGUNO DE LOS ANTERIORES;SI;CABECERA;MENOR DE SEIS MESES;COLOMBIA
232;M;9 - 13 AÑOS;NO SE AUTORRECONOCE EN NINGUNO DE LOS ANTERIORES;NO;CABECERA;PERSONA GESTANTE;VENEZUELA
233;M;6 MESES - 5 AÑOS;NO SE AUTORRECONOCE EN NINGUNO DE LOS ANTERIORES;NO;CABECERA;NIÑO O NIÑA ENTRE 6 MESES Y 5 AÑOS Y 11 MESES;ISRAEL
234;M;6 MESES - 5 AÑOS;NO SE AUTORRECONOCE EN NINGUNO DE LOS ANTERIORES;NO;CABECERA;NIÑO O NIÑA ENTRE 6 MESES Y 5 AÑOS Y 11 MESES;CANADA
235;M;0-6 MESES;NO SE AUTORRECONOCE EN NINGUNO DE LOS ANTERIORES;NO;CABECERA;NIÑO O NIÑA ENTRE 6 MESES Y 5 AÑOS Y 11 MESES;ESTADOS UNIDOS
236;H;0-6 MESES;NO SE AUTORRECONOCE EN NINGUNO DE LOS ANTERIORES;NO;CABECERA;NIÑO O NIÑA ENTRE 6 MESES Y 5 AÑOS Y 11 MESES;POLONIA
237;H;0-6 MESES;NO SE AUTORRECONOCE EN NINGUNO DE LOS ANTERIORES;SI;CABECERA;MENOR DE SEIS MESES;COLOMBIA
238;H;6 MESES - 5 AÑOS;NO SE AUTORRECONOCE EN NINGUNO DE LOS ANTERIORES;NO;CABECERA;NIÑO O NIÑA ENTRE 6 MESES Y 5 AÑOS Y 11 MESES;INDIA
239;H;MAYOR A 18 AÑOS;NO SE AUTORRECONOCE EN NINGUNO DE LOS ANTERIORES;NO;CABECERA;PERSONA GESTANTE;VENEZUELA
240;H;6 MESES - 5 AÑOS;NO SE AUTORRECONOCE EN NINGUNO DE LOS ANTERIORES;NO;CABECERA;NIÑA O NIÑO ENTRE LOS 7 MESES Y (2) DOS AÑOS DE EDAD;VENEZUELA
241;M;MAYOR A 18 AÑOS;INDÍGENA;NO;CABECERA;PERSONA GESTANTE;COLOMBIA
242;H;0-6 MESES;NO SE AUTORRECONOCE EN NINGUNO DE LOS ANTERIORES;SI;CABECERA;NIÑO O NIÑA ENTRE 6 MESES Y 5 AÑOS Y 11 MESES;COLOMBIA
243;H;6 MESES - 5 AÑOS;NO SE AUTORRECONOCE EN NINGUNO DE LOS ANTERIORES;NO;CABECERA;NIÑO O NIÑA ENTRE 6 MESES Y 5 AÑOS Y 11 MESES;ÅLAND
244;M;0-6 MESES;NO SE AUTORRECONOCE EN NINGUNO DE LOS ANTERIORES;NO;CABECERA;NIÑO O NIÑA ENTRE 6 MESES Y 5 AÑOS Y 11 MESES;CHILE
245;M;14 - 17 AÑOS;AFROCOLOMBIANO (A);NO;CABECERA;PERSONA GESTANTE;VENEZUELA
246;M;6 MESES - 5 AÑOS;NO SE AUTORRECONOCE EN NINGUNO DE LOS ANTERIORES;NO;CABECERA;NIÑA O NIÑO ENTRE LOS 7 MESES Y (2) DOS AÑOS DE EDAD;CHILE
247;H;6 MESES - 5 AÑOS;NO SE AUTORRECONOCE EN NINGUNO DE LOS ANTERIORES;NO;CABECERA;NIÑO O NIÑA ENTRE 6 MESES Y 5 AÑOS Y 11 MESES;SUIZA
248;H;0-6 MESES;NO SE AUTORRECONOCE EN NINGUNO DE LOS ANTERIORES;NO;CABECERA;NIÑA O NIÑO ENTRE LOS 7 MESES Y (2) DOS AÑOS DE EDAD;COLOMBIA
249;M;0-6 MESES;NO SE AUTORRECONOCE EN NINGUNO DE LOS ANTERIORES;NO;CABECERA;NIÑA O NIÑO ENTRE LOS 7 MESES Y (2) DOS AÑOS DE EDAD;COLOMBIA
250;M;6 MESES - 5 AÑOS;NO SE AUTORRECONOCE EN NINGUNO DE LOS ANTERIORES;NO;CABECERA;NIÑO O NIÑA ENTRE 6 MESES Y 5 AÑOS Y 11 MESES;AUSTRIA
251;M;0-6 MESES;NO SE AUTORRECONOCE EN NINGUNO DE LOS ANTERIORES;NO;CABECERA;NIÑO O NIÑA ENTRE 6 MESES Y 5 AÑOS Y 11 MESES;ECUADOR
252;H;6 MESES - 5 AÑOS;NO SE AUTORRECONOCE EN NINGUNO DE LOS ANTERIORES;NO;CABECERA;NIÑO O NIÑA ENTRE 6 MESES Y 5 AÑOS Y 11 MESES;CROACIA
253;M;MAYOR A 18 AÑOS;NO SE AUTORRECONOCE EN NINGUNO DE LOS ANTERIORES;NO;CABECERA;PERSONA GESTANTE;VIETNAM
254;I;0-6 MESES;NO SE AUTORRECONOCE EN NINGUNO DE LOS ANTERIORES;NO;CABECERA;NIÑO O NIÑA ENTRE 6 MESES Y 5 AÑOS Y 11 MESES;COLOMBIA
255;H;6 MESES - 5 AÑOS;AFROCOLOMBIANO (A);NO;CABECERA;NIÑO O NIÑA ENTRE 6 MESES Y 5 AÑOS Y 11 MESES;ECUADOR
256;M;0-6 MESES;NO SE AUTORRECONOCE EN NINGUNO DE LOS ANTERIORES;NO;CABECERA;NIÑAS Y NIÑOS MENORES DE 7 MESES;COLOMBIA
257;H;6 MESES - 5 AÑOS;NO SE AUTORRECONOCE EN NINGUNO DE LOS ANTERIORES;NO;CABECERA;NIÑO O NIÑA ENTRE 6 MESES Y 5 AÑOS Y 11 MESES;ALBANIA
258;H;6 MESES - 5 AÑOS;NO SE AUTORRECONOCE EN NINGUNO DE LOS ANTERIORES;NO;CABECERA;NIÑAS Y NIÑOS MENORES DE 7 MESES;COLOMBIA
259;M;0-6 MESES;NO SE AUTORRECONOCE EN NINGUNO DE LOS ANTERIORES;NO;CABECERA;MENOR DE SEIS MESES;CHILE
260;H;MAYOR A 18 AÑOS;NO SE AUTORRECONOCE EN NINGUNO DE LOS ANTERIORES;NO;CABECERA;NIÑA O NIÑO DESDE LOS SIETE (7) MESES HASTA LOS DOS (2) AÑOS, ONCE (11) MESES Y VEINTINUEVE (29) DIAS;ARY MACEDONIA
261;M;0-6 MESES;NO SE AUTORRECONOCE EN NINGUNO DE LOS ANTERIORES;NO;CABECERA;PERSONA GESTANTE;VENEZUELA
262;H;6 MESES - 5 AÑOS;NO SE AUTORRECONOCE EN NINGUNO DE LOS ANTERIORES;NO;CABECERA;NIÑA O NIÑO DESDE LOS SIETE (7) MESES HASTA LOS DOS (2) AÑOS, ONCE (11) MESES Y VEINTINUEVE (29) DIAS;VENEZUELA
263;M;MAYOR A 18 AÑOS;NO SE AUTORRECONOCE EN NINGUNO DE LOS ANTERIORES;NO;CABECERA;PERSONA GESTANTE;PERU
264;M;0-6 MESES;NO SE AUTORRECONOCE EN NINGUNO DE LOS ANTERIORES;NO;CABECERA;NIÑO O NIÑA ENTRE 6 MESES Y 5 AÑOS Y 11 MESES;ESPAÑA
265;M;6 MESES - 5 AÑOS;NO SE AUTORRECONOCE EN NINGUNO DE LOS ANTERIORES;NO;CABECERA;NIÑO O NIÑA ENTRE 6 MESES Y 5 AÑOS Y 11 MESES;FRANCIA
266;M;0-6 MESES;NO SE AUTORRECONOCE EN NINGUNO DE LOS ANTERIORES;NO;CABECERA;MENOR DE SEIS MESES;ARMENIA
267;H;0-6 MESES;NO SE AUTORRECONOCE EN NINGUNO DE LOS ANTERIORES;NO;CABECERA;NIÑO O NIÑA ENTRE 6 MESES Y 5 AÑOS Y 11 MESES;ESTADOS UNIDOS
268;M;MAYOR A 18 AÑOS;NO SE AUTORRECONOCE EN NINGUNO DE LOS ANTERIORES;SI;CABECERA;PERSONA GESTANTE;COLOMBIA
269;H;6 MESES - 5 AÑOS;NO SE AUTORRECONOCE EN NINGUNO DE LOS ANTERIORES;NO;CABECERA;NIÑO O NIÑA ENTRE 6 MESES Y 5 AÑOS Y 11 MESES;REINO UNIDO
270;M;6 MESES - 5 AÑOS;NO SE AUTORRECONOCE EN NINGUNO DE LOS ANTERIORES;NO;CABECERA;NIÑO O NIÑA ENTRE 6 MESES Y 5 AÑOS Y 11 MESES;AUSTRALIA
271;M;MAYOR A 18 AÑOS;NO SE AUTORRECONOCE EN NINGUNO DE LOS ANTERIORES;SI;CABECERA;PERSONA GESTANTE;VENEZUELA
272;H;6 MESES - 5 AÑOS;PALENQUERO (A);NO;CABECERA;NIÑO O NIÑA ENTRE 6 MESES Y 5 AÑOS Y 11 MESES;COLOMBIA
273;M;6 MESES - 5 AÑOS;NO SE AUTORRECONOCE EN NINGUNO DE LOS ANTERIORES;NO;CABECERA;NIÑO O NIÑA ENTRE 6 MESES Y 5 AÑOS Y 11 MESES;ITALIA
274;M;MAYOR A 18 AÑOS;NO SE AUTORRECONOCE EN NINGUNO DE LOS ANTERIORES;NO;CABECERA;PERSONA GESTANTE;ECUADOR
275;H;0-6 MESES;INDÍGENA;NO;CABECERA;MENOR DE SEIS MESES;COLOMBIA
276;H;6 MESES - 5 AÑOS;NO SE AUTORRECONOCE EN NINGUNO DE LOS ANTERIORES;NO;CABECERA;NIÑA O NIÑO HASTA LOS CUATRO (4) AÑOS, ONCE (11) MESES Y VEINTINUEVE (29) DIAS;VENEZUELA
277;M;6 MESES - 5 AÑOS;NO SE AUTORRECONOCE EN NINGUNO DE LOS ANTERIORES;NO;CABECERA;NIÑA O NIÑO HASTA LOS CUATRO (4) AÑOS, ONCE (11) MESES Y VEINTINUEVE (29) DIAS;VENEZUELA
278;M;6 MESES - 5 AÑOS;NO SE AUTORRECONOCE EN NINGUNO DE LOS ANTERIORES;NO;CABECERA;NIÑO O NIÑA ENTRE 6 MESES Y 5 AÑOS Y 11 MESES;PORTUGAL
279;M;6 MESES - 5 AÑOS;NO SE AUTORRECONOCE EN NINGUNO DE LOS ANTERIORES;NO;CABECERA;NIÑO O NIÑA ENTRE 6 MESES Y 5 AÑOS Y 11 MESES;VANUATU
280;H;6 MESES - 5 AÑOS;NO SE AUTORRECONOCE EN NINGUNO DE LOS ANTERIORES;NO;CABECERA;NIÑO O NIÑA ENTRE 6 MESES Y 5 AÑOS Y 11 MESES;GEORGIA
281;H;0-6 MESES;NO SE AUTORRECONOCE EN NINGUNO DE LOS ANTERIORES;NO;CABECERA;MENOR DE SEIS MESES;ESTADOS UNIDOS
282;H;6 MESES - 5 AÑOS;NO SE AUTORRECONOCE EN NINGUNO DE LOS ANTERIORES;NO;CABECERA;NIÑO O NIÑA ENTRE 6 MESES Y 5 AÑOS Y 11 MESES;FRANCIA
283;H;0-6 MESES;NO SE AUTORRECONOCE EN NINGUNO DE LOS ANTERIORES;NO;CABECERA;NIÑO O NIÑA ENTRE 6 MESES Y 5 AÑOS Y 11 MESES;PERU
284;M;MAYOR A 18 AÑOS;NO SE AUTORRECONOCE EN NINGUNO DE LOS ANTERIORES;NO;CABECERA;PERSONA GESTANTE;NICARAGUA
285;M;MAYOR A 18 AÑOS;NO SE AUTORRECONOCE EN NINGUNO DE LOS ANTERIORES;NO;CABECERA;PERSONA GESTANTE;VANUATU
286;M;14 - 17 AÑOS;NO SE AUTORRECONOCE EN NINGUNO DE LOS ANTERIORES;NO;RESTO;PERSONA GESTANTE;ARMENIA
287;H;6 MESES - 5 AÑOS;NO SE AUTORRECONOCE EN NINGUNO DE LOS ANTERIORES;NO;CABECERA;NIÑO O NIÑA ENTRE 6 MESES Y 5 AÑOS Y 11 MESES;PARAGUAY
288;H;6 MESES - 5 AÑOS;NO SE AUTORRECONOCE EN NINGUNO DE LOS ANTERIORES;NO;CABECERA;NIÑO O NIÑA ENTRE 6 MESES Y 5 AÑOS Y 11 MESES;EGIPTO
289;M;6 MESES - 5 AÑOS;NO SE AUTORRECONOCE EN NINGUNO DE LOS ANTERIORES;NO;CABECERA;NIÑO O NIÑA ENTRE 6 MESES Y 5 AÑOS Y 11 MESES;ARUBA
290;H;0-6 MESES;NO SE AUTORRECONOCE EN NINGUNO DE LOS ANTERIORES;NO;CABECERA;MENOR DE SEIS MESES;AFGANISTAN
291;M;0-6 MESES;NO SE AUTORRECONOCE EN NINGUNO DE LOS ANTERIORES;NO;CABECERA;PERSONA GESTANTE;COLOMBIA
292;M;6 MESES - 5 AÑOS;NO SE AUTORRECONOCE EN NINGUNO DE LOS ANTERIORES;NO;CABECERA;MENOR DE SEIS MESES;ANTARTIDA
293;H;0-6 MESES;NO SE AUTORRECONOCE EN NINGUNO DE LOS ANTERIORES;NO;CABECERA;NIÑO O NIÑA ENTRE 6 MESES Y 5 AÑOS Y 11 MESES;MEXICO
294;M;MAYOR A 18 AÑOS;NO SE AUTORRECONOCE EN NINGUNO DE LOS ANTERIORES;NO;CABECERA;PERSONA GESTANTE;ARMENIA
295;M;MAYOR A 18 AÑOS;NO SE AUTORRECONOCE EN NINGUNO DE LOS ANTERIORES;NO;CABECERA;PERSONA GESTANTE;TONGA
296;H;0-6 MESES;NO SE AUTORRECONOCE EN NINGUNO DE LOS ANTERIORES;NO;CABECERA;NIÑO O NIÑA ENTRE 6 MESES Y 5 AÑOS Y 11 MESES;ECUADOR
297;M;6 MESES - 5 AÑOS;NO SE AUTORRECONOCE EN NINGUNO DE LOS ANTERIORES;NO;CABECERA;NIÑO O NIÑA ENTRE 6 MESES Y 5 AÑOS Y 11 MESES;ARY MACEDONIA
298;H;6 MESES - 5 AÑOS;NO SE AUTORRECONOCE EN NINGUNO DE LOS ANTERIORES;NO;CABECERA;NIÑA O NIÑO DESDE LOS SIETE (7) MESES HASTA LOS DOS (2) AÑOS, ONCE (11) MESES Y VEINTINUEVE (29) DIAS;ARY MACEDONIA
299;M;6 MESES - 5 AÑOS;NO SE AUTORRECONOCE EN NINGUNO DE LOS ANTERIORES;NO;CABECERA;NIÑO O NIÑA ENTRE 6 MESES Y 5 AÑOS Y 11 MESES;ARGELIA
300;H;0-6 MESES;NO SE AUTORRECONOCE EN NINGUNO DE LOS ANTERIORES;NO;CABECERA;NIÑO O NIÑA ENTRE 6 MESES Y 5 AÑOS Y 11 MESES;ARUBA
301;M;MAYOR A 18 AÑOS;NO SE AUTORRECONOCE EN NINGUNO DE LOS ANTERIORES;NO;CABECERA;PERSONA GESTANTE;ARABIA SAUDITA
302;M;6 MESES - 5 AÑOS;INDÍGENA;NO;CABECERA;NIÑO O NIÑA ENTRE 6 MESES Y 5 AÑOS Y 11 MESES;ECUADOR
303;H;6 MESES - 5 AÑOS;NO SE AUTORRECONOCE EN NINGUNO DE LOS ANTERIORES;NO;CABECERA;NIÑO O NIÑA ENTRE 6 MESES Y 5 AÑOS Y 11 MESES;ARABIA SAUDITA
304;M;0-6 MESES;NO SE AUTORRECONOCE EN NINGUNO DE LOS ANTERIORES;NO;CABECERA;NIÑAS Y NIÑOS HASTA LOS CINCO (5) AÑOS, ONCE (11) MESES VEINTINUEVE (29) DAS;VENEZUELA
305;M;6 MESES - 5 AÑOS;NO SE AUTORRECONOCE EN NINGUNO DE LOS ANTERIORES;NO;CABECERA;NIÑO O NIÑA ENTRE 6 MESES Y 5 AÑOS Y 11 MESES;ARABIA SAUDITA
306;M;6 MESES - 5 AÑOS;NO SE AUTORRECONOCE EN NINGUNO DE LOS ANTERIORES;NO;CABECERA;NIÑO O NIÑA ENTRE 6 MESES Y 5 AÑOS Y 11 MESES;CABO VERDE
307;H;6 MESES - 5 AÑOS;NO SE AUTORRECONOCE EN NINGUNO DE LOS ANTERIORES;NO;CABECERA;NIÑO O NIÑA ENTRE 6 MESES Y 5 AÑOS Y 11 MESES;CABO VERDE
308;H;0-6 MESES;NO SE AUTORRECONOCE EN NINGUNO DE LOS ANTERIORES;NO;CABECERA;NIÑO O NIÑA ENTRE 6 MESES Y 5 AÑOS Y 11 MESES;CABO VERDE
309;M;MAYOR A 18 AÑOS;NO SE AUTORRECONOCE EN NINGUNO DE LOS ANTERIORES;NO;SIN INFORMACIÓN;PERSONA GESTANTE;ECUADOR
310;M;0-6 MESES;NO SE AUTORRECONOCE EN NINGUNO DE LOS ANTERIORES;NO;CABECERA;NIÑO O NIÑA ENTRE 6 MESES Y 5 AÑOS Y 11 MESES;CABO VERDE
311;H;6 MESES - 5 AÑOS;NO SE AUTORRECONOCE EN NINGUNO DE LOS ANTERIORES;NO;CABECERA;NIÑO O NIÑA ENTRE 6 MESES Y 5 AÑOS Y 11 MESES;ANTIGUA Y BARBUDA
312;M;6 MESES - 5 AÑOS;NO SE AUTORRECONOCE EN NINGUNO DE LOS ANTERIORES;NO;CABECERA;NIÑO O NIÑA ENTRE 6 MESES Y 5 AÑOS Y 11 MESES;ANTILLAS NEERLANDESAS
313;H;0-6 MESES;NO SE AUTORRECONOCE EN NINGUNO DE LOS ANTERIORES;NO;CABECERA;MENOR DE SEIS MESES;PERU
314;M;14 - 17 AÑOS;INDÍGENA;NO;CABECERA;PERSONA GESTANTE;COLOMBIA
315;M;6 MESES - 5 AÑOS;NO SE AUTORRECONOCE EN NINGUNO DE LOS ANTERIORES;NO;CABECERA;NIÑA O NIÑO DESDE LOS SIETE (7) MESES HASTA LOS DOS (2) AÑOS, ONCE (11) MESES Y VEINTINUEVE (29) DIAS;VENEZUELA
316;M;6 MESES - 5 AÑOS;NO SE AUTORRECONOCE EN NINGUNO DE LOS ANTERIORES;NO;CABECERA;NIÑAS Y NIÑOS MENORES DE 7 MESES;COLOMBIA
317;M;6 MESES - 5 AÑOS;NO SE AUTORRECONOCE EN NINGUNO DE LOS ANTERIORES;NO;CABECERA;NIÑA O NIÑO ENTRE LOS 7 MESES Y (2) DOS AÑOS DE EDAD;VENEZUELA
318;H;6 MESES - 5 AÑOS;NO SE AUTORRECONOCE EN NINGUNO DE LOS ANTERIORES;NO;CABECERA;NIÑO O NIÑA ENTRE 6 MESES Y 5 AÑOS Y 11 MESES;EL SALVADOR
319;M;6 MESES - 5 AÑOS;AFROCOLOMBIANO (A);NO;CABECERA;NIÑO O NIÑA ENTRE 6 MESES Y 5 AÑOS Y 11 MESES;ARGENTINA
320;M;6 MESES - 5 AÑOS;AFROCOLOMBIANO (A);SI;CABECERA;NIÑO O NIÑA ENTRE 6 MESES Y 5 AÑOS Y 11 MESES;COLOMBIA
321;H;6 MESES - 5 AÑOS;PALENQUERO (A);NO;RESTO;NIÑO O NIÑA ENTRE 6 MESES Y 5 AÑOS Y 11 MESES;COLOMBIA
322;M;6 MESES - 5 AÑOS;PALENQUERO (A);NO;RESTO;NIÑO O NIÑA ENTRE 6 MESES Y 5 AÑOS Y 11 MESES;COLOMBIA
323;H;0-6 MESES;PALENQUERO (A);NO;CABECERA;MENOR DE SEIS MESES;COLOMBIA
324;M;0-6 MESES;PALENQUERO (A);NO;CABECERA;MENOR DE SEIS MESES;COLOMBIA
325;M;0-6 MESES;PALENQUERO (A);NO;RESTO;MENOR DE SEIS MESES;COLOMBIA
326;M;0-6 MESES;PALENQUERO (A);NO;RESTO;NIÑO O NIÑA ENTRE 6 MESES Y 5 AÑOS Y 11 MESES;COLOMBIA
327;M;14 - 17 AÑOS;PALENQUERO (A);NO;RESTO;PERSONA GESTANTE;COLOMBIA
328;M;MAYOR A 18 AÑOS;PALENQUERO (A);NO;RESTO;PERSONA GESTANTE;COLOMBIA
329;M;6 - 8 AÑOS;INDÍGENA;NO;RESTO;NIÑO O NIÑA DE 6 AÑOS A 9 AÑOS, 11 MESES, 29 DAS;COLOMBIA
330;H;MAYOR A 18 AÑOS;INDÍGENA;NO;RESTO;ADULTOS DE 29 A 39 AÑOS;COLOMBIA
331;M;6 MESES - 5 AÑOS;NO SE AUTORRECONOCE EN NINGUNO DE LOS ANTERIORES;NO;CABECERA;NIÑO O NIÑA ENTRE 6 MESES Y 5 AÑOS Y 11 MESES;URUGUAY
332;M;6 MESES - 5 AÑOS;NO SE AUTORRECONOCE EN NINGUNO DE LOS ANTERIORES;NO;CABECERA;NIÑO O NIÑA ENTRE 6 MESES Y 5 AÑOS Y 11 MESES;GUYANA
333;M;6 MESES - 5 AÑOS;NO SE AUTORRECONOCE EN NINGUNO DE LOS ANTERIORES;NO;RESTO;NIÑAS Y NIÑOS DEL RANGO DE 18 MESES A 4 AÑOS, 11 MESES Y 29 DIAS;VENEZUELA
334;H;0-6 MESES;NO SE AUTORRECONOCE EN NINGUNO DE LOS ANTERIORES;NO;RESTO;NIÑO O NIÑA ENTRE 6 MESES Y 5 AÑOS Y 11 MESES;ESTADOS UNIDOS
335;M;MAYOR A 18 AÑOS;NO SE AUTORRECONOCE EN NINGUNO DE LOS ANTERIORES;NO;RESTO;PERSONA GESTANTE;BRASIL
336;I;MAYOR A 18 AÑOS;NO SE AUTORRECONOCE EN NINGUNO DE LOS ANTERIORES;NO;RESTO;PERSONA GESTANTE;COLOMBIA
337;M;6 MESES - 5 AÑOS;COMUNIDAD NEGRA;NO;RESTO;NIÑO O NIÑA ENTRE 6 MESES Y 5 AÑOS Y 11 MESES;COLOMBIA
338;H;0-6 MESES;NO SE AUTORRECONOCE EN NINGUNO DE LOS ANTERIORES;NO;CABECERA;NIÑO O NIÑA ENTRE 6 MESES Y 5 AÑOS Y 11 MESES;CANADA
339;M;MAYOR A 18 AÑOS;NO SE AUTORRECONOCE EN NINGUNO DE LOS ANTERIORES;NO;RESTO;PERSONA GESTANTE;ECUADOR
340;H;6 MESES - 5 AÑOS;NO SE AUTORRECONOCE EN NINGUNO DE LOS ANTERIORES;NO;RESTO;NIÑO O NIÑA ENTRE 6 MESES Y 5 AÑOS Y 11 MESES;ALEMANIA
341;M;6 MESES - 5 AÑOS;NO SE AUTORRECONOCE EN NINGUNO DE LOS ANTERIORES;NO;CABECERA;NIÑO O NIÑA ENTRE 6 MESES Y 5 AÑOS Y 11 MESES;BELGICA
342;H;6 MESES - 5 AÑOS;INDÍGENA;SI;RESTO;NIÑO O NIÑA ENTRE 6 MESES Y 5 AÑOS Y 11 MESES;COLOMBIA
343;H;0-6 MESES;NO SE AUTORRECONOCE EN NINGUNO DE LOS ANTERIORES;SI;RESTO;MENOR DE SEIS MESES;COLOMBIA
344;H;6 MESES - 5 AÑOS;NO SE AUTORRECONOCE EN NINGUNO DE LOS ANTERIORES;NO;RESTO;NIÑO O NIÑA ENTRE 6 MESES Y 5 AÑOS Y 11 MESES;RUSIA
345;M;MAYOR A 18 AÑOS;NO SE AUTORRECONOCE EN NINGUNO DE LOS ANTERIORES;NO;CABECERA;PERSONA GESTANTE;GUATEMALA
346;M;0-6 MESES;NO SE AUTORRECONOCE EN NINGUNO DE LOS ANTERIORES;SI;RESTO;MENOR DE SEIS MESES;COLOMBIA
347;M;0-6 MESES;NO SE AUTORRECONOCE EN NINGUNO DE LOS ANTERIORES;NO;SIN INFORMACIÓN;MENOR DE SEIS MESES;COLOMBIA
348;H;6 MESES - 5 AÑOS;NO SE AUTORRECONOCE EN NINGUNO DE LOS ANTERIORES;NO;CABECERA;NIÑO O NIÑA ENTRE 6 MESES Y 5 AÑOS Y 11 MESES;PAISES BAJOS
349;M;6 MESES - 5 AÑOS;NO SE AUTORRECONOCE EN NINGUNO DE LOS ANTERIORES;SI;CABECERA;NIÑO O NIÑA ENTRE 6 MESES Y 5 AÑOS Y 11 MESES;CHILE
350;M;0-6 MESES;NO SE AUTORRECONOCE EN NINGUNO DE LOS ANTERIORES;NO;RESTO;NIÑO O NIÑA ENTRE 6 MESES Y 5 AÑOS Y 11 MESES;BRASIL
351;M;0-6 MESES;NO SE AUTORRECONOCE EN NINGUNO DE LOS ANTERIORES;NO;CABECERA;NIÑO O NIÑA ENTRE 6 MESES Y 5 AÑOS Y 11 MESES;BRASIL
352;H;0-6 MESES;NO SE AUTORRECONOCE EN NINGUNO DE LOS ANTERIORES;NO;CABECERA;NIÑO O NIÑA ENTRE 6 MESES Y 5 AÑOS Y 11 MESES;URUGUAY
353;M;MAYOR A 18 AÑOS;NO SE AUTORRECONOCE EN NINGUNO DE LOS ANTERIORES;NO;CABECERA;PERSONA GESTANTE;ESPAÑA
354;M;9 - 13 AÑOS;NO SE AUTORRECONOCE EN NINGUNO DE LOS ANTERIORES;NO;RESTO;PERSONA GESTANTE;VENEZUELA
355;H;6 MESES - 5 AÑOS;NO SE AUTORRECONOCE EN NINGUNO DE LOS ANTERIORES;SI;CABECERA;NIÑO O NIÑA ENTRE 6 MESES Y 5 AÑOS Y 11 MESES;PERU
356;M;MAYOR A 18 AÑOS;NO SE AUTORRECONOCE EN NINGUNO DE LOS ANTERIORES;NO;CABECERA;PERSONA GESTANTE;MEXICO
357;M;MAYOR A 18 AÑOS;NO SE AUTORRECONOCE EN NINGUNO DE LOS ANTERIORES;NO;RESTO;PERSONA GESTANTE;PERU
358;M;0-6 MESES;NO SE AUTORRECONOCE EN NINGUNO DE LOS ANTERIORES;NO;RESTO;NIÑO O NIÑA ENTRE 6 MESES Y 5 AÑOS Y 11 MESES;CANADA
359;H;0-6 MESES;NO SE AUTORRECONOCE EN NINGUNO DE LOS ANTERIORES;NO;CABECERA;MENOR DE SEIS MESES;ECUADOR
360;H;6 MESES - 5 AÑOS;INDÍGENA;NO;CABECERA;NIÑO O NIÑA ENTRE 6 MESES Y 5 AÑOS Y 11 MESES;ESPAÑA
361;H;6 MESES - 5 AÑOS;INDÍGENA;NO;RESTO;NIÑO O NIÑA ENTRE 6 MESES Y 5 AÑOS Y 11 MESES;VENEZUELA
362;H;6 MESES - 5 AÑOS;INDÍGENA;NO;RESTO;NIÑO O NIÑA ENTRE 6 MESES Y 5 AÑOS Y 11 MESES;BRASIL
363;M;6 MESES - 5 AÑOS;INDÍGENA;NO;RESTO;NIÑO O NIÑA ENTRE 6 MESES Y 5 AÑOS Y 11 MESES;CHILE
364;M;MAYOR A 18 AÑOS;NO SE AUTORRECONOCE EN NINGUNO DE LOS ANTERIORES;SI;RESTO;PERSONA GESTANTE;VENEZUELA
365;M;6 MESES - 5 AÑOS;INDÍGENA;SI;CABECERA;NIÑO O NIÑA ENTRE 6 MESES Y 5 AÑOS Y 11 MESES;COLOMBIA
366;M;6 MESES - 5 AÑOS;INDÍGENA;NO;RESTO;NIÑA O NIÑO DESDE LOS SIETE (7) MESES HASTA LOS DOS (2) AÑOS, ONCE (11) MESES Y VEINTINUEVE (29) DIAS;COLOMBIA
367;H;6 MESES - 5 AÑOS;NO SE AUTORRECONOCE EN NINGUNO DE LOS ANTERIORES;SI;CABECERA;NIÑO O NIÑA ENTRE 6 MESES Y 5 AÑOS Y 11 MESES;BRASIL
368;H;0-6 MESES;INDÍGENA;NO;CABECERA;MENOR DE SEIS MESES;VENEZUELA
369;M;MAYOR A 18 AÑOS;INDÍGENA;NO;RESTO;PERSONA GESTANTE;VENEZUELA
370;M;6 MESES - 5 AÑOS;AFROCOLOMBIANO (A);NO;RESTO;NIÑA O NIÑO HASTA LOS CUATRO (4) AÑOS, ONCE (11) MESES Y VEINTINUEVE (29) DIAS;COLOMBIA
371;M;0-6 MESES;NO SE AUTORRECONOCE EN NINGUNO DE LOS ANTERIORES;NO;CABECERA;NIÑO O NIÑA ENTRE 6 MESES Y 5 AÑOS Y 11 MESES;PARAGUAY
372;H;6 MESES - 5 AÑOS;NO SE AUTORRECONOCE EN NINGUNO DE LOS ANTERIORES;NO;CABECERA;NIÑO O NIÑA ENTRE 6 MESES Y 5 AÑOS Y 11 MESES;ISRAEL
373;H;6 MESES - 5 AÑOS;NO SE AUTORRECONOCE EN NINGUNO DE LOS ANTERIORES;NO;RESTO;NIÑO O NIÑA ENTRE 6 MESES Y 5 AÑOS Y 11 MESES;REPUBLICA DOMINICANA
374;H;MAYOR A 18 AÑOS;NO SE AUTORRECONOCE EN NINGUNO DE LOS ANTERIORES;NO;CABECERA;NIÑO O NIÑA ENTRE 6 MESES Y 5 AÑOS Y 11 MESES;COLOMBIA
375;H;0-6 MESES;NO SE AUTORRECONOCE EN NINGUNO DE LOS ANTERIORES;NO;RESTO;NIÑO O NIÑA ENTRE 6 MESES Y 5 AÑOS Y 11 MESES;ECUADOR
376;M;0-6 MESES;AFROCOLOMBIANO (A);NO;CABECERA;MENOR DE SEIS MESES;COLOMBIA
377;M;MAYOR A 18 AÑOS;AFROCOLOMBIANO (A);NO;CABECERA;PERSONA GESTANTE;COLOMBIA
378;H;0-6 MESES;AFROCOLOMBIANO (A);NO;CABECERA;MENOR DE SEIS MESES;COLOMBIA
379;H;6 MESES - 5 AÑOS;NO SE AUTORRECONOCE EN NINGUNO DE LOS ANTERIORES;NO;CABECERA;NIÑO O NIÑA ENTRE 6 MESES Y 5 AÑOS Y 11 MESES;ITALIA
380;H;0-6 MESES;NO SE AUTORRECONOCE EN NINGUNO DE LOS ANTERIORES;NO;CABECERA;NIÑO O NIÑA ENTRE 6 MESES Y 5 AÑOS Y 11 MESES;ESPAÑA
381;M;6 MESES - 5 AÑOS;NO SE AUTORRECONOCE EN NINGUNO DE LOS ANTERIORES;NO;SIN INFORMACIÓN;NIÑO O NIÑA ENTRE 6 MESES Y 5 AÑOS Y 11 MESES;COLOMBIA
382;H;6 MESES - 5 AÑOS;COMUNIDAD NEGRA;NO;RESTO;NIÑO O NIÑA ENTRE 6 MESES Y 5 AÑOS Y 11 MESES;COLOMBIA
383;M;14 - 17 AÑOS;AFROCOLOMBIANO (A);NO;RESTO;PERSONA GESTANTE;COLOMBIA
384;M;MAYOR A 18 AÑOS;AFROCOLOMBIANO (A);NO;RESTO;PERSONA GESTANTE;VENEZUELA
385;H;6 MESES - 5 AÑOS;AFROCOLOMBIANO (A);SI;RESTO;NIÑO O NIÑA ENTRE 6 MESES Y 5 AÑOS Y 11 MESES;COLOMBIA
386;M;14 - 17 AÑOS;INDÍGENA;NO;RESTO;PERSONA GESTANTE;ECUADOR
387;H;0-6 MESES;INDÍGENA;SI;RESTO;NIÑO O NIÑA ENTRE 6 MESES Y 5 AÑOS Y 11 MESES;COLOMBIA
388;M;6 MESES - 5 AÑOS;NO SE AUTORRECONOCE EN NINGUNO DE LOS ANTERIORES;NO;RESTO;NIÑO O NIÑA ENTRE 6 MESES Y 5 AÑOS Y 11 MESES;ALEMANIA
389;M;6 MESES - 5 AÑOS;AFROCOLOMBIANO (A);NO;RESTO;NIÑO O NIÑA ENTRE 6 MESES Y 5 AÑOS Y 11 MESES;CHILE
390;M;6 MESES - 5 AÑOS;AFROCOLOMBIANO (A);NO;CABECERA;NIÑO O NIÑA ENTRE 6 MESES Y 5 AÑOS Y 11 MESES;VENEZUELA
391;M;6 MESES - 5 AÑOS;AFROCOLOMBIANO (A);NO;RESTO;NIÑO O NIÑA ENTRE 6 MESES Y 5 AÑOS Y 11 MESES;VENEZUELA
392;M;6 MESES - 5 AÑOS;ROM/GITANO;NO;RESTO;NIÑO O NIÑA ENTRE 6 MESES Y 5 AÑOS Y 11 MESES;VENEZUELA
393;H;6 MESES - 5 AÑOS;AFROCOLOMBIANO (A);NO;CABECERA;NIÑO O NIÑA ENTRE 6 MESES Y 5 AÑOS Y 11 MESES;VENEZUELA
394;M;14 - 17 AÑOS;AFROCOLOMBIANO (A);NO;CABECERA;PERSONA GESTANTE;COLOMBIA
395;M;MAYOR A 18 AÑOS;AFROCOLOMBIANO (A);NO;CABECERA;PERSONA GESTANTE;VENEZUELA
396;H;MAYOR A 18 AÑOS;AFROCOLOMBIANO (A);NO;RESTO;PERSONA GESTANTE;COLOMBIA
397;M;6 MESES - 5 AÑOS;AFROCOLOMBIANO (A);NO;RESTO;NIÑO O NIÑA ENTRE 6 MESES Y 5 AÑOS Y 11 MESES;ECUADOR
398;H;6 MESES - 5 AÑOS;AFROCOLOMBIANO (A);NO;CABECERA;NIÑAS Y NIÑOS DEL RANGO DE 18 MESES A 4 AÑOS, 11 MESES Y 29 DIAS;COLOMBIA
399;M;6 MESES - 5 AÑOS;AFROCOLOMBIANO (A);NO;CABECERA;NIÑAS Y NIÑOS DEL RANGO DE 18 MESES A 4 AÑOS, 11 MESES Y 29 DIAS;COLOMBIA
400;M;6 MESES - 5 AÑOS;AFROCOLOMBIANO (A);NO;CABECERA;NIÑO O NIÑA ENTRE 6 MESES Y 5 AÑOS Y 11 MESES;ECUADOR
401;M;6 MESES - 5 AÑOS;COMUNIDAD NEGRA;NO;CABECERA;NIÑAS Y NIÑOS DEL RANGO DE 18 MESES A 4 AÑOS, 11 MESES Y 29 DIAS;COLOMBIA
402;H;0-6 MESES;AFROCOLOMBIANO (A);NO;CABECERA;NIÑO O NIÑA ENTRE 6 MESES Y 5 AÑOS Y 11 MESES;CHILE
403;H;6 MESES - 5 AÑOS;AFROCOLOMBIANO (A);NO;RESTO;NIÑO O NIÑA ENTRE 6 MESES Y 5 AÑOS Y 11 MESES;CHILE
404;M;6 MESES - 5 AÑOS;AFROCOLOMBIANO (A);NO;RESTO;NIÑAS Y NIÑOS DEL RANGO DE 18 MESES A 4 AÑOS, 11 MESES Y 29 DIAS;COLOMBIA
405;H;6 MESES - 5 AÑOS;AFROCOLOMBIANO (A);NO;RESTO;NIÑO O NIÑA ENTRE 6 MESES Y 5 AÑOS Y 11 MESES;VENEZUELA
406;H;0-6 MESES;COMUNIDAD NEGRA;NO;RESTO;MENOR DE SEIS MESES;COLOMBIA
407;M;6 MESES - 5 AÑOS;INDÍGENA;NO;SIN INFORMACIÓN;NIÑO O NIÑA ENTRE 6 MESES Y 5 AÑOS Y 11 MESES;COLOMBIA
408;H;MAYOR A 18 AÑOS;NO SE AUTORRECONOCE EN NINGUNO DE LOS ANTERIORES;NO;RESTO;NIÑO O NIÑA ENTRE 6 MESES Y 5 AÑOS Y 11 MESES;COLOMBIA
409;M;6 MESES - 5 AÑOS;INDÍGENA;NO;RESTO;NIÑO O NIÑA ENTRE 6 MESES Y 5 AÑOS Y 11 MESES;PERU
410;M;9 - 13 AÑOS;INDÍGENA;NO;RESTO;PERSONA GESTANTE;COLOMBIA
411;M;0-6 MESES;INDÍGENA;SI;RESTO;NIÑO O NIÑA ENTRE 6 MESES Y 5 AÑOS Y 11 MESES;COLOMBIA
412;H;6 MESES - 5 AÑOS;AFROCOLOMBIANO (A);NO;RESTO;NIÑO O NIÑA ENTRE 6 MESES Y 5 AÑOS Y 11 MESES;ECUADOR
413;M;MAYOR A 18 AÑOS;COMUNIDAD NEGRA;NO;RESTO;PERSONA GESTANTE;COLOMBIA
414;M;0-6 MESES;NO SE AUTORRECONOCE EN NINGUNO DE LOS ANTERIORES;NO;RESTO;NIÑO O NIÑA ENTRE 6 MESES Y 5 AÑOS Y 11 MESES;CHILE
415;H;0-6 MESES;NO SE AUTORRECONOCE EN NINGUNO DE LOS ANTERIORES;NO;RESTO;NIÑO O NIÑA ENTRE 6 MESES Y 5 AÑOS Y 11 MESES;ESPAÑA
416;H;0-6 MESES;NO SE AUTORRECONOCE EN NINGUNO DE LOS ANTERIORES;NO;RESTO;NIÑO O NIÑA ENTRE 6 MESES Y 5 AÑOS Y 11 MESES;GUATEMALA
417;H;6 MESES - 5 AÑOS;AFROCOLOMBIANO (A);NO;RESTO;NIÑA O NIÑO HASTA LOS CUATRO (4) AÑOS, ONCE (11) MESES Y VEINTINUEVE (29) DIAS;COLOMBIA
418;H;6 MESES - 5 AÑOS;INDÍGENA;NO;RESTO;NIÑAS Y NIÑOS HASTA LOS CINCO (5) AÑOS, ONCE (11) MESES VEINTINUEVE (29) DAS;COLOMBIA
419;H;6 MESES - 5 AÑOS;NO SE AUTORRECONOCE EN NINGUNO DE LOS ANTERIORES;NO;RESTO;NIÑO O NIÑA ENTRE 6 MESES Y 5 AÑOS Y 11 MESES;ARGENTINA
420;H;0-6 MESES;COMUNIDAD NEGRA;NO;RESTO;NIÑO O NIÑA ENTRE 6 MESES Y 5 AÑOS Y 11 MESES;COLOMBIA
421;M;0-6 MESES;COMUNIDAD NEGRA;NO;CABECERA;MENOR DE SEIS MESES;COLOMBIA
422;M;0-6 MESES;COMUNIDAD NEGRA;NO;RESTO;MENOR DE SEIS MESES;COLOMBIA
423;H;6 MESES - 5 AÑOS;INDÍGENA;NO;RESTO;NIÑAS Y NIÑOS DEL RANGO DE 18 MESES A 4 AÑOS, 11 MESES Y 29 DIAS;COLOMBIA
424;H;0-6 MESES;NO SE AUTORRECONOCE EN NINGUNO DE LOS ANTERIORES;NO;RESTO;NIÑO O NIÑA ENTRE 6 MESES Y 5 AÑOS Y 11 MESES;CHILE
425;M;6 MESES - 5 AÑOS;AFROCOLOMBIANO (A);NO;CABECERA;NIÑO O NIÑA ENTRE 6 MESES Y 5 AÑOS Y 11 MESES;ITALIA
426;H;0-6 MESES;COMUNIDAD NEGRA;NO;CABECERA;MENOR DE SEIS MESES;COLOMBIA
427;H;0-6 MESES;COMUNIDAD NEGRA;NO;CABECERA;NIÑO O NIÑA ENTRE 6 MESES Y 5 AÑOS Y 11 MESES;COLOMBIA
428;M;0-6 MESES;COMUNIDAD NEGRA;NO;CABECERA;NIÑO O NIÑA ENTRE 6 MESES Y 5 AÑOS Y 11 MESES;COLOMBIA
429;M;14 - 17 AÑOS;COMUNIDAD NEGRA;NO;CABECERA;PERSONA GESTANTE;COLOMBIA
430;M;MAYOR A 18 AÑOS;COMUNIDAD NEGRA;NO;CABECERA;PERSONA GESTANTE;COLOMBIA
431;H;6 MESES - 5 AÑOS;AFROCOLOMBIANO (A);NO;CABECERA;NIÑO O NIÑA ENTRE 6 MESES Y 5 AÑOS Y 11 MESES;ALEMANIA
432;H;6 MESES - 5 AÑOS;AFROCOLOMBIANO (A);NO;CABECERA;NIÑO O NIÑA ENTRE 6 MESES Y 5 AÑOS Y 11 MESES;ESTADOS UNIDOS
433;H;6 MESES - 5 AÑOS;AFROCOLOMBIANO (A);NO;CABECERA;NIÑO O NIÑA ENTRE 6 MESES Y 5 AÑOS Y 11 MESES;ESPAÑA
434;M;6 MESES - 5 AÑOS;AFROCOLOMBIANO (A);NO;CABECERA;NIÑO O NIÑA ENTRE 6 MESES Y 5 AÑOS Y 11 MESES;PANAMA
435;H;6 MESES - 5 AÑOS;AFROCOLOMBIANO (A);NO;CABECERA;NIÑO O NIÑA ENTRE 6 MESES Y 5 AÑOS Y 11 MESES;CHILE
436;M;6 MESES - 5 AÑOS;COMUNIDAD NEGRA;NO;CABECERA;NIÑO O NIÑA ENTRE 6 MESES Y 5 AÑOS Y 11 MESES;CHILE
437;M;6 MESES - 5 AÑOS;COMUNIDAD NEGRA;NO;CABECERA;NIÑO O NIÑA ENTRE 6 MESES Y 5 AÑOS Y 11 MESES;VENEZUELA
438;M;MAYOR A 18 AÑOS;COMUNIDAD NEGRA;NO;CABECERA;PERSONA GESTANTE;VENEZUELA
439;M;0-6 MESES;COMUNIDAD NEGRA;NO;CABECERA;NIÑO O NIÑA ENTRE 6 MESES Y 5 AÑOS Y 11 MESES;CHILE
440;M;0-6 MESES;COMUNIDAD NEGRA;NO;RESTO;NIÑO O NIÑA ENTRE 6 MESES Y 5 AÑOS Y 11 MESES;COLOMBIA
441;H;6 MESES - 5 AÑOS;COMUNIDAD NEGRA;NO;RESTO;NIÑO O NIÑA ENTRE 6 MESES Y 5 AÑOS Y 11 MESES;VENEZUELA
442;M;0-6 MESES;COMUNIDAD NEGRA;NO;CABECERA;NIÑO O NIÑA ENTRE 6 MESES Y 5 AÑOS Y 11 MESES;ECUADOR
443;M;14 - 17 AÑOS;COMUNIDAD NEGRA;NO;CABECERA;PERSONA GESTANTE;VENEZUELA
444;M;MAYOR A 18 AÑOS;COMUNIDAD NEGRA;NO;CABECERA;PERSONA GESTANTE;REPUBLICA DOMINICANA
445;M;14 - 17 AÑOS;COMUNIDAD NEGRA;NO;RESTO;PERSONA GESTANTE;COLOMBIA
446;H;6 MESES - 5 AÑOS;COMUNIDAD NEGRA;NO;CABECERA;NIÑO O NIÑA ENTRE 6 MESES Y 5 AÑOS Y 11 MESES;ECUADOR
447;H;6 MESES - 5 AÑOS;COMUNIDAD NEGRA;NO;CABECERA;NIÑO O NIÑA ENTRE 6 MESES Y 5 AÑOS Y 11 MESES;VENEZUELA
448;M;6 MESES - 5 AÑOS;COMUNIDAD NEGRA;NO;RESTO;NIÑO O NIÑA ENTRE 6 MESES Y 5 AÑOS Y 11 MESES;ECUADOR
449;H;6 MESES - 5 AÑOS;COMUNIDAD NEGRA;NO;RESTO;NIÑO O NIÑA ENTRE 6 MESES Y 5 AÑOS Y 11 MESES;CHILE
450;M;14 - 17 AÑOS;COMUNIDAD NEGRA;NO;RESTO;PERSONA GESTANTE;VENEZUELA
451;M;MAYOR A 18 AÑOS;COMUNIDAD NEGRA;NO;RESTO;PERSONA GESTANTE;VENEZUELA
452;H;6 MESES - 5 AÑOS;COMUNIDAD NEGRA;NO;RESTO;NIÑO O NIÑA ENTRE 6 MESES Y 5 AÑOS Y 11 MESES;BRASIL
453;M;6 MESES - 5 AÑOS;COMUNIDAD NEGRA;NO;RESTO;NIÑO O NIÑA ENTRE 6 MESES Y 5 AÑOS Y 11 MESES;VENEZUELA
454;M;6 MESES - 5 AÑOS;NO SE AUTORRECONOCE EN NINGUNO DE LOS ANTERIORES;NO;RESTO;NIÑO O NIÑA ENTRE 6 MESES Y 5 AÑOS Y 11 MESES;MEXICO
455;H;6 MESES - 5 AÑOS;NO SE AUTORRECONOCE EN NINGUNO DE LOS ANTERIORES;NO;RESTO;NIÑO O NIÑA ENTRE 6 MESES Y 5 AÑOS Y 11 MESES;COSTA RICA
456;M;6 MESES - 5 AÑOS;INDÍGENA;NO;CABECERA;NIÑO O NIÑA ENTRE 6 MESES Y 5 AÑOS Y 11 MESES;CHILE
457;M;6 MESES - 5 AÑOS;INDÍGENA;NO;RESTO;NIÑAS Y NIÑOS HASTA LOS CINCO (5) AÑOS, ONCE (11) MESES VEINTINUEVE (29) DAS;COLOMBIA
458;H;0-6 MESES;INDÍGENA;NO;RESTO;NIÑAS Y NIÑOS HASTA LOS CINCO (5) AÑOS, ONCE (11) MESES VEINTINUEVE (29) DAS;COLOMBIA
459;H;6 MESES - 5 AÑOS;NO SE AUTORRECONOCE EN NINGUNO DE LOS ANTERIORES;NO;CABECERA;NIÑO O NIÑA ENTRE 6 MESES Y 5 AÑOS Y 11 MESES;SUECIA
460;M;6 MESES - 5 AÑOS;INDÍGENA;NO;CABECERA;NIÑAS Y NIÑOS HASTA LOS CINCO (5) AÑOS, ONCE (11) MESES VEINTINUEVE (29) DAS;COLOMBIA
461;M;0-6 MESES;NO SE AUTORRECONOCE EN NINGUNO DE LOS ANTERIORES;NO;RESTO;MENOR DE SEIS MESES;CHILE
462;M;14 - 17 AÑOS;NO SE AUTORRECONOCE EN NINGUNO DE LOS ANTERIORES;NO;RESTO;PERSONA GESTANTE;ECUADOR
463;H;6 MESES - 5 AÑOS;INDÍGENA;NO;RESTO;NIÑO O NIÑA ENTRE 6 MESES Y 5 AÑOS Y 11 MESES;ECUADOR
464;M;0-6 MESES;INDÍGENA;SI;RESTO;MENOR DE SEIS MESES;COLOMBIA
465;M;0-6 MESES;AFROCOLOMBIANO (A);NO;RESTO;NIÑAS Y NIÑOS HASTA LOS CINCO (5) AÑOS, ONCE (11) MESES VEINTINUEVE (29) DAS;COLOMBIA
466;H;6 MESES - 5 AÑOS;AFROCOLOMBIANO (A);NO;RESTO;NIÑO O NIÑA ENTRE 6 MESES Y 5 AÑOS Y 11 MESES;MEXICO
467;M;6 MESES - 5 AÑOS;AFROCOLOMBIANO (A);NO;CABECERA;NIÑO O NIÑA ENTRE 6 MESES Y 5 AÑOS Y 11 MESES;CHILE
468;M;MAYOR A 18 AÑOS;AFROCOLOMBIANO (A);NO;SIN INFORMACIÓN;PERSONA GESTANTE;VENEZUELA
469;M;0-6 MESES;AFROCOLOMBIANO (A);NO;CABECERA;NIÑO O NIÑA ENTRE 6 MESES Y 5 AÑOS Y 11 MESES;CHILE
470;M;6 MESES - 5 AÑOS;AFROCOLOMBIANO (A);NO;RESTO;NIÑO O NIÑA ENTRE 6 MESES Y 5 AÑOS Y 11 MESES;REINO UNIDO
471;H;6 MESES - 5 AÑOS;NO SE AUTORRECONOCE EN NINGUNO DE LOS ANTERIORES;NO;CABECERA;NIÑO O NIÑA ENTRE 6 MESES Y 5 AÑOS Y 11 MESES;CUBA
472;M;6 MESES - 5 AÑOS;INDÍGENA;NO;RESTO;NIÑA O NIÑO ENTRE LOS 7 MESES Y (2) DOS AÑOS DE EDAD;COLOMBIA
473;H;6 MESES - 5 AÑOS;INDÍGENA;NO;RESTO;NIÑA O NIÑO ENTRE LOS 7 MESES Y (2) DOS AÑOS DE EDAD;COLOMBIA
474;H;0-6 MESES;PALENQUERO (A);NO;RESTO;NIÑO O NIÑA ENTRE 6 MESES Y 5 AÑOS Y 11 MESES;COLOMBIA
475;M;0-6 MESES;NO SE AUTORRECONOCE EN NINGUNO DE LOS ANTERIORES;NO;CABECERA;NIÑO O NIÑA ENTRE 6 MESES Y 5 AÑOS Y 11 MESES;CUBA
476;M;MAYOR A 18 AÑOS;NO SE AUTORRECONOCE EN NINGUNO DE LOS ANTERIORES;NO;CABECERA;PERSONA GESTANTE;CHILE
477;M;9 - 13 AÑOS;AFROCOLOMBIANO (A);NO;RESTO;PERSONA GESTANTE;COLOMBIA
478;H;0-6 MESES;RAIZAL;NO;CABECERA;MENOR DE SEIS MESES;COLOMBIA
479;M;0-6 MESES;RAIZAL;NO;CABECERA;MENOR DE SEIS MESES;COLOMBIA
480;H;6 MESES - 5 AÑOS;RAIZAL;NO;CABECERA;NIÑO O NIÑA ENTRE 6 MESES Y 5 AÑOS Y 11 MESES;COLOMBIA
481;M;0-6 MESES;RAIZAL;NO;CABECERA;NIÑO O NIÑA ENTRE 6 MESES Y 5 AÑOS Y 11 MESES;COLOMBIA
482;M;14 - 17 AÑOS;RAIZAL;NO;CABECERA;PERSONA GESTANTE;COLOMBIA
483;M;MAYOR A 18 AÑOS;RAIZAL;NO;CABECERA;PERSONA GESTANTE;COLOMBIA
484;H;6 MESES - 5 AÑOS;NO SE AUTORRECONOCE EN NINGUNO DE LOS ANTERIORES;NO;SIN INFORMACIÓN;NIÑO O NIÑA ENTRE 6 MESES Y 5 AÑOS Y 11 MESES;COLOMBIA
485;M;6 MESES - 5 AÑOS;NO SE AUTORRECONOCE EN NINGUNO DE LOS ANTERIORES;NO;CABECERA;NIÑO O NIÑA ENTRE 6 MESES Y 5 AÑOS Y 11 MESES;PARAGUAY
486;M;14 - 17 AÑOS;INDÍGENA;NO;RESTO;PERSONA GESTANTE;VENEZUELA
487;M;0-6 MESES;INDÍGENA;NO;RESTO;NIÑO O NIÑA ENTRE 6 MESES Y 5 AÑOS Y 11 MESES;VENEZUELA
488;I;0-6 MESES;NO SE AUTORRECONOCE EN NINGUNO DE LOS ANTERIORES;NO;CABECERA;MENOR DE SEIS MESES;COLOMBIA
489;M;0-6 MESES;NO SE AUTORRECONOCE EN NINGUNO DE LOS ANTERIORES;NO;RESTO;MENOR DE SEIS MESES;ECUADOR
490;M;6 MESES - 5 AÑOS;NO SE AUTORRECONOCE EN NINGUNO DE LOS ANTERIORES;NO;RESTO;NIÑO O NIÑA ENTRE 6 MESES Y 5 AÑOS Y 11 MESES;EGIPTO
491;M;6 MESES - 5 AÑOS;NO SE AUTORRECONOCE EN NINGUNO DE LOS ANTERIORES;NO;CABECERA;MENOR DE SEIS MESES;COLOMBIA
492;M;MAYOR A 18 AÑOS;INDÍGENA;NO;SIN INFORMACIÓN;PERSONA GESTANTE;COLOMBIA
493;M;6 MESES - 5 AÑOS;INDÍGENA;NO;RESTO;NIÑO O NIÑA ENTRE 6 MESES Y 5 AÑOS Y 11 MESES;VENEZUELA
494;M;MAYOR A 18 AÑOS;INDÍGENA;NO;CABECERA;PERSONA GESTANTE;VENEZUELA
495;H;6 MESES - 5 AÑOS;NO SE AUTORRECONOCE EN NINGUNO DE LOS ANTERIORES;NO;RESTO;NIÑO O NIÑA ENTRE 6 MESES Y 5 AÑOS Y 11 MESES;VANUATU
496;M;MAYOR A 18 AÑOS;NO SE AUTORRECONOCE EN NINGUNO DE LOS ANTERIORES;NO;RESTO;PERSONA GESTANTE;SAN MARINO
497;H;6 MESES - 5 AÑOS;NO SE AUTORRECONOCE EN NINGUNO DE LOS ANTERIORES;NO;RESTO;NIÑO O NIÑA ENTRE 6 MESES Y 5 AÑOS Y 11 MESES;AFGANISTAN
498;M;0-6 MESES;NO SE AUTORRECONOCE EN NINGUNO DE LOS ANTERIORES;NO;RESTO;NIÑO O NIÑA ENTRE 6 MESES Y 5 AÑOS Y 11 MESES;PAISES BAJOS
499;M;MAYOR A 18 AÑOS;NO SE AUTORRECONOCE EN NINGUNO DE LOS ANTERIORES;NO;CABECERA;NIÑA O NIÑO ENTRE LOS 7 MESES Y (2) DOS AÑOS DE EDAD;VENEZUELA
500;H;6 MESES - 5 AÑOS;INDÍGENA;NO;CABECERA;NIÑA O NIÑO ENTRE LOS 7 MESES Y (2) DOS AÑOS DE EDAD;COLOMBIA
501;H;6 MESES - 5 AÑOS;INDÍGENA;NO;CABECERA;NIÑO O NIÑA ENTRE 6 MESES Y 5 AÑOS Y 11 MESES;PERU
502;M;6 MESES - 5 AÑOS;INDÍGENA;NO;CABECERA;NIÑAS Y NIÑOS DEL RANGO DE 18 MESES A 4 AÑOS, 11 MESES Y 29 DIAS;COLOMBIA
503;M;6 MESES - 5 AÑOS;INDÍGENA;NO;RESTO;NIÑAS Y NIÑOS DEL RANGO DE 18 MESES A 4 AÑOS, 11 MESES Y 29 DIAS;COLOMBIA
504;M;MAYOR A 18 AÑOS;INDÍGENA;NO;RESTO;ADULTOS ENTRE 40 Y 59;COLOMBIA
505;M;MAYOR A 18 AÑOS;NO SE AUTORRECONOCE EN NINGUNO DE LOS ANTERIORES;NO;RESTO;ADULTO MAYOR DE 60 AÑOS;COLOMBIA
506;H;MAYOR A 18 AÑOS;NO SE AUTORRECONOCE EN NINGUNO DE LOS ANTERIORES;NO;RESTO;ADULTOS DE 29 A 39 AÑOS;COLOMBIA
507;H;14 - 17 AÑOS;INDÍGENA;NO;RESTO;ADOLESCENTE;COLOMBIA
508;H;MAYOR A 18 AÑOS;INDÍGENA;NO;RESTO;ADULTO MAYOR DE 60 AÑOS;COLOMBIA
509;H;MAYOR A 18 AÑOS;INDÍGENA;NO;RESTO;JOVEN;COLOMBIA
510;M;MAYOR A 18 AÑOS;INDÍGENA;NO;RESTO;ADULTO MAYOR DE 60 AÑOS;COLOMBIA
511;M;6 MESES - 5 AÑOS;NO SE AUTORRECONOCE EN NINGUNO DE LOS ANTERIORES;NO;RESTO;NIÑO O NIÑA ENTRE 6 MESES Y 5 AÑOS Y 11 MESES;PARAGUAY
512;M;MAYOR A 18 AÑOS;NO SE AUTORRECONOCE EN NINGUNO DE LOS ANTERIORES;NO;RESTO;ADULTOS DE 29 A 39 AÑOS;VENEZUELA
513;M;MAYOR A 18 AÑOS;NO SE AUTORRECONOCE EN NINGUNO DE LOS ANTERIORES;NO;RESTO;PERSONA GESTANTE;MEXICO
514;H;MAYOR A 18 AÑOS;INDÍGENA;NO;RESTO;ADULTOS DE 29 A 39 AÑOS;VENEZUELA
515;M;MAYOR A 18 AÑOS;INDÍGENA;NO;RESTO;ADULTOS DE 29 A 39 AÑOS;VENEZUELA
516;M;MAYOR A 18 AÑOS;NO SE AUTORRECONOCE EN NINGUNO DE LOS ANTERIORES;NO;RESTO;ADULTOS ENTRE 40 Y 59;COLOMBIA
517;M;6 MESES - 5 AÑOS;NO SE AUTORRECONOCE EN NINGUNO DE LOS ANTERIORES;NO;CABECERA;NIÑO O NIÑA ENTRE 6 MESES Y 5 AÑOS Y 11 MESES;CUBA
518;H;MAYOR A 18 AÑOS;INDÍGENA;NO;RESTO;ADULTOS ENTRE 40 Y 59;VENEZUELA
519;M;MAYOR A 18 AÑOS;INDÍGENA;NO;RESTO;ADULTOS ENTRE 40 Y 59;VENEZUELA
520;M;MAYOR A 18 AÑOS;NO SE AUTORRECONOCE EN NINGUNO DE LOS ANTERIORES;NO;RESTO;ADULTOS ENTRE 40 Y 59;VENEZUELA
521;M;MAYOR A 18 AÑOS;NO SE AUTORRECONOCE EN NINGUNO DE LOS ANTERIORES;NO;RESTO;JOVEN;COLOMBIA
522;M;MAYOR A 18 AÑOS;INDÍGENA;NO;RESTO;JOVEN;VENEZUELA
523;H;9 - 13 AÑOS;INDÍGENA;NO;RESTO;NIÑO O NIÑA 10 AÑOS A 13 AÑOS, 11 MESES, 29 DIAS;VENEZUELA
524;M;9 - 13 AÑOS;INDÍGENA;NO;RESTO;NIÑO O NIÑA DE 6 AÑOS A 9 AÑOS, 11 MESES, 29 DAS;VENEZUELA
525;H;0-6 MESES;INDÍGENA;NO;RESTO;NIÑO O NIÑA ENTRE 6 MESES Y 5 AÑOS Y 11 MESES;VENEZUELA
526;M;9 - 13 AÑOS;INDÍGENA;NO;RESTO;NIÑO O NIÑA 10 AÑOS A 13 AÑOS, 11 MESES, 29 DIAS;VENEZUELA
527;H;6 - 8 AÑOS;INDÍGENA;NO;RESTO;NIÑO O NIÑA DE 6 AÑOS A 9 AÑOS, 11 MESES, 29 DAS;VENEZUELA
528;H;MAYOR A 18 AÑOS;NO SE AUTORRECONOCE EN NINGUNO DE LOS ANTERIORES;NO;RESTO;ADULTOS ENTRE 40 Y 59;VENEZUELA
529;H;MAYOR A 18 AÑOS;NO SE AUTORRECONOCE EN NINGUNO DE LOS ANTERIORES;NO;RESTO;JOVEN;COLOMBIA
530;I;MAYOR A 18 AÑOS;INDÍGENA;NO;RESTO;ADULTO MAYOR DE 60 AÑOS;COLOMBIA
531;H;MAYOR A 18 AÑOS;INDÍGENA;NO;RESTO;ADULTO MAYOR DE 60 AÑOS;VENEZUELA
532;M;MAYOR A 18 AÑOS;INDÍGENA;NO;RESTO;ADULTO MAYOR DE 60 AÑOS;VENEZUELA
533;M;MAYOR A 18 AÑOS;INDÍGENA;NO;SIN INFORMACIÓN;ADULTOS DE 29 A 39 AÑOS;VENEZUELA
534;M;6 MESES - 5 AÑOS;NO SE AUTORRECONOCE EN NINGUNO DE LOS ANTERIORES;NO;RESTO;NIÑO O NIÑA ENTRE 6 MESES Y 5 AÑOS Y 11 MESES;NAMIBIA
535;H;MAYOR A 18 AÑOS;INDÍGENA;NO;RESTO;JOVEN;VENEZUELA
536;M;6 MESES - 5 AÑOS;NO SE AUTORRECONOCE EN NINGUNO DE LOS ANTERIORES;NO;CABECERA;NIÑO O NIÑA ENTRE 6 MESES Y 5 AÑOS Y 11 MESES;REINO UNIDO
537;H;0-6 MESES;NO SE AUTORRECONOCE EN NINGUNO DE LOS ANTERIORES;NO;CABECERA;MENOR DE SEIS MESES;REINO UNIDO
538;M;MAYOR A 18 AÑOS;NO SE AUTORRECONOCE EN NINGUNO DE LOS ANTERIORES;NO;RESTO;JOVEN;VENEZUELA
539;H;9 - 13 AÑOS;INDÍGENA;NO;RESTO;NIÑO O NIÑA DE 6 AÑOS A 9 AÑOS, 11 MESES, 29 DAS;VENEZUELA
540;M;6 - 8 AÑOS;INDÍGENA;NO;RESTO;NIÑO O NIÑA DE 6 AÑOS A 9 AÑOS, 11 MESES, 29 DAS;VENEZUELA
541;H;6 MESES - 5 AÑOS;AFROCOLOMBIANO (A);NO;CABECERA;NIÑA O NIÑO HASTA LOS CUATRO (4) AÑOS, ONCE (11) MESES Y VEINTINUEVE (29) DIAS;COLOMBIA
542;M;MAYOR A 18 AÑOS;NO SE AUTORRECONOCE EN NINGUNO DE LOS ANTERIORES;NO;CABECERA;PERSONA GESTANTE;PANAMA
543;H;0-6 MESES;AFROCOLOMBIANO (A);NO;RESTO;NIÑAS Y NIÑOS HASTA LOS CINCO (5) AÑOS, ONCE (11) MESES VEINTINUEVE (29) DAS;COLOMBIA
544;H;0-6 MESES;AFROCOLOMBIANO (A);NO;CABECERA;NIÑO O NIÑA ENTRE 6 MESES Y 5 AÑOS Y 11 MESES;VENEZUELA
545;M;6 - 8 AÑOS;INDÍGENA;NO;RESTO;NIÑO O NIÑA ENTRE 6 MESES Y 5 AÑOS Y 11 MESES;COLOMBIA
546;M;6 MESES - 5 AÑOS;NO SE AUTORRECONOCE EN NINGUNO DE LOS ANTERIORES;NO;RESTO;NIÑO O NIÑA ENTRE 6 MESES Y 5 AÑOS Y 11 MESES;ITALIA
547;H;0-6 MESES;AFROCOLOMBIANO (A);NO;CABECERA;MENOR DE SEIS MESES;PANAMA
548;H;0-6 MESES;NO SE AUTORRECONOCE EN NINGUNO DE LOS ANTERIORES;NO;RESTO;NIÑO O NIÑA ENTRE 6 MESES Y 5 AÑOS Y 11 MESES;PANAMA
549;M;0-6 MESES;NO SE AUTORRECONOCE EN NINGUNO DE LOS ANTERIORES;NO;CABECERA;NIÑO O NIÑA ENTRE 6 MESES Y 5 AÑOS Y 11 MESES;PANAMA
550;H;6 MESES - 5 AÑOS;NO SE AUTORRECONOCE EN NINGUNO DE LOS ANTERIORES;NO;RESTO;NIÑO O NIÑA ENTRE 6 MESES Y 5 AÑOS Y 11 MESES;FRANCIA
551;I;6 MESES - 5 AÑOS;AFROCOLOMBIANO (A);NO;RESTO;NIÑO O NIÑA ENTRE 6 MESES Y 5 AÑOS Y 11 MESES;COLOMBIA
552;I;0-6 MESES;AFROCOLOMBIANO (A);NO;CABECERA;NIÑO O NIÑA ENTRE 6 MESES Y 5 AÑOS Y 11 MESES;COLOMBIA
553;M;6 MESES - 5 AÑOS;AFROCOLOMBIANO (A);NO;RESTO;NIÑA O NIÑO ENTRE LOS 7 MESES Y (2) DOS AÑOS DE EDAD;COLOMBIA
554;H;0-6 MESES;AFROCOLOMBIANO (A);NO;RESTO;MENOR DE SEIS MESES;ECUADOR
555;I;6 MESES - 5 AÑOS;AFROCOLOMBIANO (A);NO;CABECERA;NIÑO O NIÑA ENTRE 6 MESES Y 5 AÑOS Y 11 MESES;COLOMBIA
556;H;6 MESES - 5 AÑOS;AFROCOLOMBIANO (A);NO;RESTO;NIÑO O NIÑA ENTRE 6 MESES Y 5 AÑOS Y 11 MESES;PANAMA
557;M;6 MESES - 5 AÑOS;INDÍGENA;NO;RESTO;NIÑO O NIÑA ENTRE 6 MESES Y 5 AÑOS Y 11 MESES;PANAMA
558;H;6 MESES - 5 AÑOS;AFROCOLOMBIANO (A);NO;CABECERA;NIÑO O NIÑA ENTRE 6 MESES Y 5 AÑOS Y 11 MESES;PANAMA
559;H;6 MESES - 5 AÑOS;INDÍGENA;NO;RESTO;NIÑO O NIÑA ENTRE 6 MESES Y 5 AÑOS Y 11 MESES;PANAMA
560;M;6 MESES - 5 AÑOS;AFROCOLOMBIANO (A);NO;RESTO;NIÑO O NIÑA ENTRE 6 MESES Y 5 AÑOS Y 11 MESES;PANAMA
561;M;14 - 17 AÑOS;INDÍGENA;NO;RESTO;PERSONA GESTANTE;PANAMA
562;H;6 MESES - 5 AÑOS;AFROCOLOMBIANO (A);NO;RESTO;NIÑO O NIÑA ENTRE 6 MESES Y 5 AÑOS Y 11 MESES;FRANCIA
563;I;0-6 MESES;INDÍGENA;NO;RESTO;NIÑO O NIÑA ENTRE 6 MESES Y 5 AÑOS Y 11 MESES;COLOMBIA
564;M;MAYOR A 18 AÑOS;NO SE AUTORRECONOCE EN NINGUNO DE LOS ANTERIORES;NO;RESTO;ADULTO MAYOR DE 60 AÑOS;VENEZUELA
565;M;MAYOR A 18 AÑOS;NO SE AUTORRECONOCE EN NINGUNO DE LOS ANTERIORES;NO;RESTO;PERSONA GESTANTE;PANAMA
566;M;6 MESES - 5 AÑOS;INDÍGENA;NO;RESTO;NIÑA O NIÑO HASTA LOS CUATRO (4) AÑOS, ONCE (11) MESES Y VEINTINUEVE (29) DIAS;COLOMBIA
567;M;14 - 17 AÑOS;NO SE AUTORRECONOCE EN NINGUNO DE LOS ANTERIORES;NO;RESTO;ADOLESCENTE;COLOMBIA
568;M;14 - 17 AÑOS;NO SE AUTORRECONOCE EN NINGUNO DE LOS ANTERIORES;NO;RESTO;ADOLESCENTE;VENEZUELA
569;H;MAYOR A 18 AÑOS;NO SE AUTORRECONOCE EN NINGUNO DE LOS ANTERIORES;NO;RESTO;ADULTO MAYOR DE 60 AÑOS;COLOMBIA
570;M;0-6 MESES;INDÍGENA;NO;RESTO;NIÑAS Y NIÑOS HASTA LOS CINCO (5) AÑOS, ONCE (11) MESES VEINTINUEVE (29) DAS;COLOMBIA
571;M;6 MESES - 5 AÑOS;NO SE AUTORRECONOCE EN NINGUNO DE LOS ANTERIORES;NO;RESTO;NIÑO O NIÑA ENTRE 6 MESES Y 5 AÑOS Y 11 MESES;REINO UNIDO
572;M;9 - 13 AÑOS;NO SE AUTORRECONOCE EN NINGUNO DE LOS ANTERIORES;NO;RESTO;NIÑO O NIÑA 10 AÑOS A 13 AÑOS, 11 MESES, 29 DIAS;COLOMBIA
573;M;9 - 13 AÑOS;NO SE AUTORRECONOCE EN NINGUNO DE LOS ANTERIORES;NO;RESTO;NIÑO O NIÑA 10 AÑOS A 13 AÑOS, 11 MESES, 29 DIAS;VENEZUELA
574;M;6 - 8 AÑOS;NO SE AUTORRECONOCE EN NINGUNO DE LOS ANTERIORES;NO;RESTO;NIÑO O NIÑA DE 6 AÑOS A 9 AÑOS, 11 MESES, 29 DAS;COLOMBIA
575;M;6 - 8 AÑOS;NO SE AUTORRECONOCE EN NINGUNO DE LOS ANTERIORES;NO;RESTO;NIÑO O NIÑA DE 6 AÑOS A 9 AÑOS, 11 MESES, 29 DAS;VENEZUELA
576;H;14 - 17 AÑOS;NO SE AUTORRECONOCE EN NINGUNO DE LOS ANTERIORES;NO;RESTO;ADOLESCENTE;COLOMBIA
577;H;6 - 8 AÑOS;NO SE AUTORRECONOCE EN NINGUNO DE LOS ANTERIORES;NO;RESTO;NIÑO O NIÑA DE 6 AÑOS A 9 AÑOS, 11 MESES, 29 DAS;VENEZUELA
578;H;9 - 13 AÑOS;NO SE AUTORRECONOCE EN NINGUNO DE LOS ANTERIORES;NO;RESTO;NIÑO O NIÑA DE 6 AÑOS A 9 AÑOS, 11 MESES, 29 DAS;VENEZUELA
579;H;14 - 17 AÑOS;INDÍGENA;NO;RESTO;ADOLESCENTE;VENEZUELA
580;H;9 - 13 AÑOS;NO SE AUTORRECONOCE EN NINGUNO DE LOS ANTERIORES;NO;RESTO;NIÑO O NIÑA 10 AÑOS A 13 AÑOS, 11 MESES, 29 DIAS;VENEZUELA
581;H;9 - 13 AÑOS;NO SE AUTORRECONOCE EN NINGUNO DE LOS ANTERIORES;NO;RESTO;NIÑO O NIÑA DE 6 AÑOS A 9 AÑOS, 11 MESES, 29 DAS;COLOMBIA
582;M;9 - 13 AÑOS;NO SE AUTORRECONOCE EN NINGUNO DE LOS ANTERIORES;NO;RESTO;NIÑO O NIÑA DE 6 AÑOS A 9 AÑOS, 11 MESES, 29 DAS;COLOMBIA
583;M;14 - 17 AÑOS;INDÍGENA;NO;SIN INFORMACIÓN;ADOLESCENTE;COLOMBIA
584;H;14 - 17 AÑOS;AFROCOLOMBIANO (A);NO;RESTO;ADOLESCENTE;COLOMBIA
585;M;9 - 13 AÑOS;AFROCOLOMBIANO (A);NO;RESTO;NIÑO O NIÑA 10 AÑOS A 13 AÑOS, 11 MESES, 29 DIAS;VENEZUELA
586;M;9 - 13 AÑOS;AFROCOLOMBIANO (A);NO;RESTO;NIÑO O NIÑA DE 6 AÑOS A 9 AÑOS, 11 MESES, 29 DAS;VENEZUELA
587;H;6 - 8 AÑOS;AFROCOLOMBIANO (A);NO;RESTO;NIÑO O NIÑA ENTRE 6 MESES Y 5 AÑOS Y 11 MESES;COLOMBIA
588;M;0-6 MESES;AFROCOLOMBIANO (A);NO;RESTO;NIÑO O NIÑA ENTRE 6 MESES Y 5 AÑOS Y 11 MESES;VENEZUELA
589;M;6 - 8 AÑOS;INDÍGENA;NO;RESTO;NIÑO O NIÑA ENTRE 6 MESES Y 5 AÑOS Y 11 MESES;VENEZUELA
590;M;6 MESES - 5 AÑOS;NO SE AUTORRECONOCE EN NINGUNO DE LOS ANTERIORES;NO;RESTO;NIÑO O NIÑA ENTRE 6 MESES Y 5 AÑOS Y 11 MESES;VIETNAM
591;M;14 - 17 AÑOS;NO SE AUTORRECONOCE EN NINGUNO DE LOS ANTERIORES;SI;RESTO;ADOLESCENTE;VENEZUELA
592;M;MAYOR A 18 AÑOS;INDÍGENA;SI;RESTO;JOVEN;COLOMBIA
593;H;MAYOR A 18 AÑOS;NO SE AUTORRECONOCE EN NINGUNO DE LOS ANTERIORES;NO;RESTO;ADULTOS DE 29 A 39 AÑOS;VENEZUELA
594;H;MAYOR A 18 AÑOS;NO SE AUTORRECONOCE EN NINGUNO DE LOS ANTERIORES;NO;RESTO;JOVEN;VENEZUELA
595;H;14 - 17 AÑOS;NO SE AUTORRECONOCE EN NINGUNO DE LOS ANTERIORES;NO;RESTO;ADOLESCENTE;VENEZUELA
596;M;9 - 13 AÑOS;NO SE AUTORRECONOCE EN NINGUNO DE LOS ANTERIORES;NO;RESTO;NIÑO O NIÑA DE 6 AÑOS A 9 AÑOS, 11 MESES, 29 DAS;VENEZUELA
597;M;14 - 17 AÑOS;INDÍGENA;NO;RESTO;ADOLESCENTE;VENEZUELA
598;H;MAYOR A 18 AÑOS;NO SE AUTORRECONOCE EN NINGUNO DE LOS ANTERIORES;NO;RESTO;ADULTO MAYOR DE 60 AÑOS;VENEZUELA
599;H;MAYOR A 18 AÑOS;NO SE AUTORRECONOCE EN NINGUNO DE LOS ANTERIORES;NO;RESTO;NIÑO O NIÑA DE 6 AÑOS A 9 AÑOS, 11 MESES, 29 DAS;VENEZUELA
600;M;MAYOR A 18 AÑOS;NO SE AUTORRECONOCE EN NINGUNO DE LOS ANTERIORES;SI;RESTO;ADULTOS DE 29 A 39 AÑOS;COLOMBIA
601;H;MAYOR A 18 AÑOS;NO SE AUTORRECONOCE EN NINGUNO DE LOS ANTERIORES;SI;RESTO;ADULTOS ENTRE 40 Y 59;COLOMBIA
602;M;9 - 13 AÑOS;INDÍGENA;NO;RESTO;NIÑO O NIÑA ENTRE 6 MESES Y 5 AÑOS Y 11 MESES;VENEZUELA
603;M;6 - 8 AÑOS;NO SE AUTORRECONOCE EN NINGUNO DE LOS ANTERIORES;NO;CABECERA;NIÑO O NIÑA DE 6 AÑOS A 9 AÑOS, 11 MESES, 29 DAS;VENEZUELA
604;H;MAYOR A 18 AÑOS;NO SE AUTORRECONOCE EN NINGUNO DE LOS ANTERIORES;NO;RESTO;NIÑO O NIÑA ENTRE 6 MESES Y 5 AÑOS Y 11 MESES;VENEZUELA
605;M;14 - 17 AÑOS;INDÍGENA;NO;RESTO;JOVEN;COLOMBIA
606;H;MAYOR A 18 AÑOS;NO SE AUTORRECONOCE EN NINGUNO DE LOS ANTERIORES;NO;SIN INFORMACIÓN;ADULTOS DE 29 A 39 AÑOS;VENEZUELA
607;I;MAYOR A 18 AÑOS;INDÍGENA;NO;RESTO;ADULTOS DE 29 A 39 AÑOS;COLOMBIA
608;M;MAYOR A 18 AÑOS;INDÍGENA;NO;SIN INFORMACIÓN;ADULTOS DE 29 A 39 AÑOS;COLOMBIA
609;M;MAYOR A 18 AÑOS;INDÍGENA;NO;SIN INFORMACIÓN;JOVEN;VENEZUELA
610;M;6 - 8 AÑOS;INDÍGENA;NO;RESTO;ADOLESCENTE;COLOMBIA
611;M;MAYOR A 18 AÑOS;INDÍGENA;NO;CABECERA;ADULTOS ENTRE 40 Y 59;VENEZUELA
612;H;9 - 13 AÑOS;INDÍGENA;NO;RESTO;NIÑO O NIÑA ENTRE 6 MESES Y 5 AÑOS Y 11 MESES;VENEZUELA
613;M;14 - 17 AÑOS;NO SE AUTORRECONOCE EN NINGUNO DE LOS ANTERIORES;NO;RESTO;NIÑO O NIÑA ENTRE 6 MESES Y 5 AÑOS Y 11 MESES;VENEZUELA
614;M;MAYOR A 18 AÑOS;INDÍGENA;NO;RESTO;ADULTO MAYOR DE 60 AÑOS;VANUATU
615;H;0-6 MESES;INDÍGENA;NO;RESTO;MENOR DE SEIS MESES;VENEZUELA
616;M;6 MESES - 5 AÑOS;NO SE AUTORRECONOCE EN NINGUNO DE LOS ANTERIORES;NO;RESTO;NIÑO O NIÑA DE 6 AÑOS A 9 AÑOS, 11 MESES, 29 DAS;COLOMBIA
617;H;MAYOR A 18 AÑOS;INDÍGENA;NO;SIN INFORMACIÓN;JOVEN;VENEZUELA
618;M;9 - 13 AÑOS;INDÍGENA;NO;RESTO;NIÑO O NIÑA ENTRE 6 MESES Y 5 AÑOS Y 11 MESES;COLOMBIA
619;M;MAYOR A 18 AÑOS;INDÍGENA;NO;SIN INFORMACIÓN;JOVEN;COLOMBIA
620;M;MAYOR A 18 AÑOS;NO SE AUTORRECONOCE EN NINGUNO DE LOS ANTERIORES;NO;SIN INFORMACIÓN;ADULTOS DE 29 A 39 AÑOS;VENEZUELA
621;M;0-6 MESES;INDÍGENA;NO;RESTO;MENOR DE SEIS MESES;VENEZUELA
622;M;6 - 8 AÑOS;AFROCOLOMBIANO (A);NO;RESTO;NIÑO O NIÑA ENTRE 6 MESES Y 5 AÑOS Y 11 MESES;COLOMBIA
623;H;MAYOR A 18 AÑOS;INDÍGENA;NO;SIN INFORMACIÓN;ADULTO MAYOR DE 60 AÑOS;COLOMBIA
624;H;6 - 8 AÑOS;NO SE AUTORRECONOCE EN NINGUNO DE LOS ANTERIORES;NO;RESTO;NIÑO O NIÑA ENTRE 6 MESES Y 5 AÑOS Y 11 MESES;VENEZUELA
625;M;14 - 17 AÑOS;INDÍGENA;NO;RESTO;JOVEN;VENEZUELA
626;M;MAYOR A 18 AÑOS;NO SE AUTORRECONOCE EN NINGUNO DE LOS ANTERIORES;NO;SIN INFORMACIÓN;ADULTOS DE 29 A 39 AÑOS;COLOMBIA
627;M;6 MESES - 5 AÑOS;NO SE AUTORRECONOCE EN NINGUNO DE LOS ANTERIORES;NO;SIN INFORMACIÓN;NIÑO O NIÑA ENTRE 6 MESES Y 5 AÑOS Y 11 MESES;VENEZUELA
628;M;MAYOR A 18 AÑOS;NO SE AUTORRECONOCE EN NINGUNO DE LOS ANTERIORES;NO;SIN INFORMACIÓN;JOVEN;VENEZUELA
629;M;MAYOR A 18 AÑOS;NO SE AUTORRECONOCE EN NINGUNO DE LOS ANTERIORES;NO;RESTO;ADULTO MAYOR DE 60 AÑOS;WALLIS Y FUTUNA
630;I;MAYOR A 18 AÑOS;NO SE AUTORRECONOCE EN NINGUNO DE LOS ANTERIORES;NO;RESTO;JOVEN;COLOMBIA
631;M;MAYOR A 18 AÑOS;NO SE AUTORRECONOCE EN NINGUNO DE LOS ANTERIORES;NO;CABECERA;JOVEN;COLOMBIA
632;M;MAYOR A 18 AÑOS;NO SE AUTORRECONOCE EN NINGUNO DE LOS ANTERIORES;NO;CABECERA;ADULTOS DE 29 A 39 AÑOS;COLOMBIA
633;M;MAYOR A 18 AÑOS;NO SE AUTORRECONOCE EN NINGUNO DE LOS ANTERIORES;NO;CABECERA;JOVEN;VENEZUELA
634;H;9 - 13 AÑOS;NO SE AUTORRECONOCE EN NINGUNO DE LOS ANTERIORES;NO;RESTO;ADOLESCENTE;COLOMBIA
635;M;MAYOR A 18 AÑOS;NO SE AUTORRECONOCE EN NINGUNO DE LOS ANTERIORES;NO;SIN INFORMACIÓN;JOVEN;COLOMBIA
636;M;MAYOR A 18 AÑOS;NO SE AUTORRECONOCE EN NINGUNO DE LOS ANTERIORES;NO;CABECERA;ADULTO MAYOR DE 60 AÑOS;COLOMBIA
637;M;MAYOR A 18 AÑOS;INDÍGENA;NO;CABECERA;JOVEN;COLOMBIA
638;M;MAYOR A 18 AÑOS;NO SE AUTORRECONOCE EN NINGUNO DE LOS ANTERIORES;NO;SIN INFORMACIÓN;PERSONA GESTANTE;COLOMBIA
639;M;14 - 17 AÑOS;INDÍGENA;NO;CABECERA;ADOLESCENTE;COLOMBIA
640;H;MAYOR A 18 AÑOS;INDÍGENA;NO;SIN INFORMACIÓN;ADULTOS DE 29 A 39 AÑOS;VENEZUELA
641;M;MAYOR A 18 AÑOS;NO SE AUTORRECONOCE EN NINGUNO DE LOS ANTERIORES;NO;CABECERA;ADULTOS ENTRE 40 Y 59;COLOMBIA
642;H;MAYOR A 18 AÑOS;NO SE AUTORRECONOCE EN NINGUNO DE LOS ANTERIORES;NO;CABECERA;JOVEN;COLOMBIA
643;M;MAYOR A 18 AÑOS;INDÍGENA;NO;CABECERA;JOVEN;VENEZUELA
644;M;MAYOR A 18 AÑOS;INDÍGENA;NO;RESTO;ADULTOS DE 29 A 39 AÑOS;VANUATU
645;M;6 MESES - 5 AÑOS;INDÍGENA;NO;RESTO;NIÑO O NIÑA DE 6 AÑOS A 9 AÑOS, 11 MESES, 29 DAS;VENEZUELA
646;M;MAYOR A 18 AÑOS;INDÍGENA;NO;SIN INFORMACIÓN;ADULTOS ENTRE 40 Y 59;VENEZUELA
647;H;6 - 8 AÑOS;INDÍGENA;NO;RESTO;NIÑO O NIÑA ENTRE 6 MESES Y 5 AÑOS Y 11 MESES;VENEZUELA
648;H;6 MESES - 5 AÑOS;NO SE AUTORRECONOCE EN NINGUNO DE LOS ANTERIORES;NO;RESTO;NIÑO O NIÑA DE 6 AÑOS A 9 AÑOS, 11 MESES, 29 DAS;VENEZUELA
649;M;6 MESES - 5 AÑOS;NO SE AUTORRECONOCE EN NINGUNO DE LOS ANTERIORES;NO;RESTO;NIÑO O NIÑA DE 6 AÑOS A 9 AÑOS, 11 MESES, 29 DAS;VENEZUELA
650;M;14 - 17 AÑOS;NO SE AUTORRECONOCE EN NINGUNO DE LOS ANTERIORES;NO;RESTO;NIÑO O NIÑA 10 AÑOS A 13 AÑOS, 11 MESES, 29 DIAS;VENEZUELA
651;M;MAYOR A 18 AÑOS;INDÍGENA;NO;CABECERA;ADULTOS DE 29 A 39 AÑOS;COLOMBIA
652;H;6 MESES - 5 AÑOS;INDÍGENA;NO;RESTO;NIÑO O NIÑA ENTRE 6 MESES Y 5 AÑOS Y 11 MESES;WALLIS Y FUTUNA
653;M;MAYOR A 18 AÑOS;NO SE AUTORRECONOCE EN NINGUNO DE LOS ANTERIORES;NO;CABECERA;ADULTOS DE 29 A 39 AÑOS;VENEZUELA
654;M;6 MESES - 5 AÑOS;INDÍGENA;NO;RESTO;NIÑO O NIÑA ENTRE 6 MESES Y 5 AÑOS Y 11 MESES;VANUATU
655;M;MAYOR A 18 AÑOS;INDÍGENA;NO;CABECERA;ADULTOS DE 29 A 39 AÑOS;VENEZUELA
656;M;MAYOR A 18 AÑOS;NO SE AUTORRECONOCE EN NINGUNO DE LOS ANTERIORES;NO;RESTO;NIÑO O NIÑA ENTRE 6 MESES Y 5 AÑOS Y 11 MESES;VENEZUELA
657;M;MAYOR A 18 AÑOS;INDÍGENA;NO;SIN INFORMACIÓN;ADULTOS ENTRE 40 Y 59;COLOMBIA
658;H;6 MESES - 5 AÑOS;INDÍGENA;NO;RESTO;NIÑO O NIÑA DE 6 AÑOS A 9 AÑOS, 11 MESES, 29 DAS;VENEZUELA
659;M;MAYOR A 18 AÑOS;INDÍGENA;NO;RESTO;JOVEN;TANZANIA
660;M;MAYOR A 18 AÑOS;INDÍGENA;NO;SIN INFORMACIÓN;PERSONA GESTANTE;VENEZUELA
661;M;9 - 13 AÑOS;INDÍGENA;SI;RESTO;NIÑO O NIÑA DE 6 AÑOS A 9 AÑOS, 11 MESES, 29 DAS;COLOMBIA
662;M;9 - 13 AÑOS;INDÍGENA;NO;RESTO;PERSONA GESTANTE;VENEZUELA
663;M;MAYOR A 18 AÑOS;INDÍGENA;NO;RESTO;ADOLESCENTE;COLOMBIA
664;M;MAYOR A 18 AÑOS;INDÍGENA;NO;RESTO;JOVEN;VANUATU
665;H;14 - 17 AÑOS;NO SE AUTORRECONOCE EN NINGUNO DE LOS ANTERIORES;NO;RESTO;JOVEN;VENEZUELA
666;H;6 - 8 AÑOS;INDÍGENA;NO;RESTO;ADOLESCENTE;COLOMBIA
667;H;MAYOR A 18 AÑOS;INDÍGENA;NO;RESTO;ADULTOS ENTRE 40 Y 59;MACAO
668;M;MAYOR A 18 AÑOS;NO SE AUTORRECONOCE EN NINGUNO DE LOS ANTERIORES;NO;RESTO;ADULTOS ENTRE 40 Y 59;VANUATU
669;M;9 - 13 AÑOS;INDÍGENA;NO;RESTO;ADOLESCENTE;COLOMBIA
670;H;MAYOR A 18 AÑOS;INDÍGENA;NO;SIN INFORMACIÓN;ADULTOS DE 29 A 39 AÑOS;COLOMBIA
671;H;6 MESES - 5 AÑOS;NO SE AUTORRECONOCE EN NINGUNO DE LOS ANTERIORES;NO;RESTO;NIÑO O NIÑA DE 6 AÑOS A 9 AÑOS, 11 MESES, 29 DAS;COLOMBIA
672;H;MAYOR A 18 AÑOS;NO SE AUTORRECONOCE EN NINGUNO DE LOS ANTERIORES;SI;RESTO;ADULTOS DE 29 A 39 AÑOS;COLOMBIA
673;H;MAYOR A 18 AÑOS;INDÍGENA;SI;RESTO;JOVEN;COLOMBIA
674;H;MAYOR A 18 AÑOS;NO SE AUTORRECONOCE EN NINGUNO DE LOS ANTERIORES;SI;RESTO;ADULTO MAYOR DE 60 AÑOS;COLOMBIA
675;M;MAYOR A 18 AÑOS;NO SE AUTORRECONOCE EN NINGUNO DE LOS ANTERIORES;SI;RESTO;JOVEN;COLOMBIA
676;M;MAYOR A 18 AÑOS;NO SE AUTORRECONOCE EN NINGUNO DE LOS ANTERIORES;SI;RESTO;ADULTO MAYOR DE 60 AÑOS;COLOMBIA
677;H;MAYOR A 18 AÑOS;INDÍGENA;SI;RESTO;ADULTOS DE 29 A 39 AÑOS;COLOMBIA
678;M;MAYOR A 18 AÑOS;NO SE AUTORRECONOCE EN NINGUNO DE LOS ANTERIORES;SI;RESTO;ADULTOS ENTRE 40 Y 59;COLOMBIA
679;H;MAYOR A 18 AÑOS;NO SE AUTORRECONOCE EN NINGUNO DE LOS ANTERIORES;NO;RESTO;PERSONA GESTANTE;VENEZUELA
680;H;MAYOR A 18 AÑOS;INDÍGENA;NO;CABECERA;ADULTOS DE 29 A 39 AÑOS;VENEZUELA
681;M;MAYOR A 18 AÑOS;INDÍGENA;NO;SIN INFORMACIÓN;JOVEN;WALLIS Y FUTUNA
682;M;0-6 MESES;INDÍGENA;NO;RESTO;NIÑO O NIÑA ENTRE 6 MESES Y 5 AÑOS Y 11 MESES;AFGANISTAN
683;H;MAYOR A 18 AÑOS;INDÍGENA;NO;SIN INFORMACIÓN;ADULTOS ENTRE 40 Y 59;VENEZUELA
684;M;6 - 8 AÑOS;INDÍGENA;NO;CABECERA;NIÑO O NIÑA ENTRE 6 MESES Y 5 AÑOS Y 11 MESES;VENEZUELA
685;H;6 MESES - 5 AÑOS;NO SE AUTORRECONOCE EN NINGUNO DE LOS ANTERIORES;NO;SIN INFORMACIÓN;NIÑO O NIÑA ENTRE 6 MESES Y 5 AÑOS Y 11 MESES;VENEZUELA
686;H;6 MESES - 5 AÑOS;INDÍGENA;NO;SIN INFORMACIÓN;NIÑO O NIÑA ENTRE 6 MESES Y 5 AÑOS Y 11 MESES;COLOMBIA
687;M;MAYOR A 18 AÑOS;NO SE AUTORRECONOCE EN NINGUNO DE LOS ANTERIORES;NO;RESTO;JOVEN;VANUATU
688;M;MAYOR A 18 AÑOS;NO SE AUTORRECONOCE EN NINGUNO DE LOS ANTERIORES;NO;RESTO;ADULTOS ENTRE 40 Y 59;UZBEKISTAN
689;H;6 MESES - 5 AÑOS;NO SE AUTORRECONOCE EN NINGUNO DE LOS ANTERIORES;NO;RESTO;NIÑO O NIÑA ENTRE 6 MESES Y 5 AÑOS Y 11 MESES;TIMOR ORIENTAL
690;M;6 MESES - 5 AÑOS;NO SE AUTORRECONOCE EN NINGUNO DE LOS ANTERIORES;NO;RESTO;NIÑO O NIÑA ENTRE 6 MESES Y 5 AÑOS Y 11 MESES;TIMOR ORIENTAL
691;M;6 MESES - 5 AÑOS;NO SE AUTORRECONOCE EN NINGUNO DE LOS ANTERIORES;NO;RESTO;NIÑO O NIÑA ENTRE 6 MESES Y 5 AÑOS Y 11 MESES;TOKELAU
692;H;9 - 13 AÑOS;NO SE AUTORRECONOCE EN NINGUNO DE LOS ANTERIORES;NO;RESTO;NIÑO O NIÑA ENTRE 6 MESES Y 5 AÑOS Y 11 MESES;VENEZUELA
693;H;MAYOR A 18 AÑOS;INDÍGENA;NO;RESTO;PERSONA GESTANTE;VENEZUELA
694;I;MAYOR A 18 AÑOS;NO SE AUTORRECONOCE EN NINGUNO DE LOS ANTERIORES;NO;RESTO;ADULTO MAYOR DE 60 AÑOS;COLOMBIA
695;M;6 MESES - 5 AÑOS;INDÍGENA;NO;RESTO;ADULTOS ENTRE 40 Y 59;VENEZUELA
696;M;14 - 17 AÑOS;NO SE AUTORRECONOCE EN NINGUNO DE LOS ANTERIORES;NO;RESTO;JOVEN;VENEZUELA
697;M;0-6 MESES;INDÍGENA;NO;SIN INFORMACIÓN;MENOR DE SEIS MESES;COLOMBIA
698;M;6 MESES - 5 AÑOS;NO SE AUTORRECONOCE EN NINGUNO DE LOS ANTERIORES;NO;CABECERA;NIÑO O NIÑA ENTRE 6 MESES Y 5 AÑOS Y 11 MESES;EL SALVADOR
699;H;6 - 8 AÑOS;INDÍGENA;NO;CABECERA;NIÑO O NIÑA ENTRE 6 MESES Y 5 AÑOS Y 11 MESES;COLOMBIA
700;H;6 MESES - 5 AÑOS;NO SE AUTORRECONOCE EN NINGUNO DE LOS ANTERIORES;NO;RESTO;NIÑO O NIÑA ENTRE 6 MESES Y 5 AÑOS Y 11 MESES;TANZANIA
701;M;14 - 17 AÑOS;INDÍGENA;NO;CABECERA;PERSONA GESTANTE;VENEZUELA
702;M;6 MESES - 5 AÑOS;NO SE AUTORRECONOCE EN NINGUNO DE LOS ANTERIORES;NO;CABECERA;NIÑO O NIÑA ENTRE 6 MESES Y 5 AÑOS Y 11 MESES;TOGO
703;M;MAYOR A 18 AÑOS;NO SE AUTORRECONOCE EN NINGUNO DE LOS ANTERIORES;NO;CABECERA;PERSONA GESTANTE;TIMOR ORIENTAL
704;M;6 MESES - 5 AÑOS;NO SE AUTORRECONOCE EN NINGUNO DE LOS ANTERIORES;NO;CABECERA;NIÑO O NIÑA ENTRE 6 MESES Y 5 AÑOS Y 11 MESES;TIMOR ORIENTAL
705;M;0-6 MESES;INDÍGENA;NO;SIN INFORMACIÓN;NIÑO O NIÑA ENTRE 6 MESES Y 5 AÑOS Y 11 MESES;COLOMBIA
706;M;0-6 MESES;INDÍGENA;NO;CABECERA;MENOR DE SEIS MESES;VENEZUELA
707;M;9 - 13 AÑOS;INDÍGENA;NO;SIN INFORMACIÓN;NIÑO O NIÑA DE 6 AÑOS A 9 AÑOS, 11 MESES, 29 DAS;COLOMBIA
708;M;14 - 17 AÑOS;NO SE AUTORRECONOCE EN NINGUNO DE LOS ANTERIORES;NO;RESTO;NIÑO O NIÑA 10 AÑOS A 13 AÑOS, 11 MESES, 29 DIAS;COLOMBIA
709;M;0-6 MESES;AFROCOLOMBIANO (A);NO;CABECERA;NIÑO O NIÑA ENTRE 6 MESES Y 5 AÑOS Y 11 MESES;VENEZUELA
710;H;MAYOR A 18 AÑOS;INDÍGENA;NO;RESTO;NIÑO O NIÑA ENTRE 6 MESES Y 5 AÑOS Y 11 MESES;COLOMBIA
711;M;6 MESES - 5 AÑOS;AFROCOLOMBIANO (A);NO;RESTO;NIÑO O NIÑA ENTRE 6 MESES Y 5 AÑOS Y 11 MESES;ESPAÑA
712;M;14 - 17 AÑOS;AFROCOLOMBIANO (A);NO;RESTO;PERSONA GESTANTE;VENEZUELA
713;H;6 MESES - 5 AÑOS;AFROCOLOMBIANO (A);NO;CABECERA;NIÑO O NIÑA ENTRE 6 MESES Y 5 AÑOS Y 11 MESES;PERU
714;M;6 MESES - 5 AÑOS;AFROCOLOMBIANO (A);SI;CABECERA;NIÑO O NIÑA ENTRE 6 MESES Y 5 AÑOS Y 11 MESES;VENEZUELA
715;H;0-6 MESES;AFROCOLOMBIANO (A);NO;CABECERA;MENOR DE SEIS MESES;VENEZUELA
716;H;6 MESES - 5 AÑOS;AFROCOLOMBIANO (A);SI;CABECERA;NIÑO O NIÑA ENTRE 6 MESES Y 5 AÑOS Y 11 MESES;COLOMBIA
717;M;9 - 13 AÑOS;AFROCOLOMBIANO (A);NO;CABECERA;PERSONA GESTANTE;VENEZUELA
718;H;6 MESES - 5 AÑOS;NO SE AUTORRECONOCE EN NINGUNO DE LOS ANTERIORES;SI;CABECERA;NIÑO O NIÑA ENTRE 6 MESES Y 5 AÑOS Y 11 MESES;CHILE
719;M;6 MESES - 5 AÑOS;AFROCOLOMBIANO (A);NO;RESTO;NIÑO O NIÑA ENTRE 6 MESES Y 5 AÑOS Y 11 MESES;BRASIL
720;H;6 MESES - 5 AÑOS;INDÍGENA;NO;RESTO;ADULTOS DE 29 A 39 AÑOS;COLOMBIA
721;H;MAYOR A 18 AÑOS;INDÍGENA;NO;CABECERA;ADULTOS ENTRE 40 Y 59;COLOMBIA
722;M;MAYOR A 18 AÑOS;INDÍGENA;NO;RESTO;ADULTOS DE 29 A 39 AÑOS;ALBANIA
723;M;6 MESES - 5 AÑOS;INDÍGENA;NO;RESTO;NIÑAS Y NIÑOS DEL RANGO DE 18 MESES A 4 AÑOS, 11 MESES Y 29 DIAS;VENEZUELA
724;H;MAYOR A 18 AÑOS;NO SE AUTORRECONOCE EN NINGUNO DE LOS ANTERIORES;NO;SIN INFORMACIÓN;ADULTO MAYOR DE 60 AÑOS;VENEZUELA
725;H;MAYOR A 18 AÑOS;NO SE AUTORRECONOCE EN NINGUNO DE LOS ANTERIORES;NO;SIN INFORMACIÓN;JOVEN;VENEZUELA
726;M;6 MESES - 5 AÑOS;INDÍGENA;NO;SIN INFORMACIÓN;NIÑO O NIÑA ENTRE 6 MESES Y 5 AÑOS Y 11 MESES;VENEZUELA
727;M;MAYOR A 18 AÑOS;NO SE AUTORRECONOCE EN NINGUNO DE LOS ANTERIORES;NO;SIN INFORMACIÓN;ADULTO MAYOR DE 60 AÑOS;COLOMBIA
728;M;MAYOR A 18 AÑOS;NO SE AUTORRECONOCE EN NINGUNO DE LOS ANTERIORES;NO;SIN INFORMACIÓN;ADULTOS ENTRE 40 Y 59;VENEZUELA
729;H;MAYOR A 18 AÑOS;INDÍGENA;NO;SIN INFORMACIÓN;ADULTOS ENTRE 40 Y 59;COLOMBIA
730;H;0-6 MESES;INDÍGENA;NO;CABECERA;NIÑO O NIÑA ENTRE 6 MESES Y 5 AÑOS Y 11 MESES;VENEZUELA
731;H;MAYOR A 18 AÑOS;NO SE AUTORRECONOCE EN NINGUNO DE LOS ANTERIORES;NO;SIN INFORMACIÓN;ADULTOS DE 29 A 39 AÑOS;COLOMBIA
732;H;MAYOR A 18 AÑOS;NO SE AUTORRECONOCE EN NINGUNO DE LOS ANTERIORES;NO;SIN INFORMACIÓN;ADULTOS ENTRE 40 Y 59;COLOMBIA
733;I;MAYOR A 18 AÑOS;NO SE AUTORRECONOCE EN NINGUNO DE LOS ANTERIORES;NO;RESTO;ADULTOS ENTRE 40 Y 59;VENEZUELA
734;M;MAYOR A 18 AÑOS;NO SE AUTORRECONOCE EN NINGUNO DE LOS ANTERIORES;NO;CABECERA;ADULTOS ENTRE 40 Y 59;VENEZUELA
735;H;MAYOR A 18 AÑOS;INDÍGENA;NO;CABECERA;ADULTOS ENTRE 40 Y 59;VENEZUELA
736;M;MAYOR A 18 AÑOS;INDÍGENA;NO;SIN INFORMACIÓN;ADULTO MAYOR DE 60 AÑOS;COLOMBIA
737;M;MAYOR A 18 AÑOS;NO SE AUTORRECONOCE EN NINGUNO DE LOS ANTERIORES;NO;RESTO;JOVEN;AFGANISTAN
738;M;MAYOR A 18 AÑOS;INDÍGENA;NO;SIN INFORMACIÓN;JOVEN;SIN INFORMACIÓN
739;M;MAYOR A 18 AÑOS;INDÍGENA;NO;SIN INFORMACIÓN;ADULTO MAYOR DE 60 AÑOS;VENEZUELA
740;H;MAYOR A 18 AÑOS;INDÍGENA;NO;SIN INFORMACIÓN;JOVEN;COLOMBIA
741;M;MAYOR A 18 AÑOS;INDÍGENA;NO;RESTO;NIÑO O NIÑA ENTRE 6 MESES Y 5 AÑOS Y 11 MESES;VENEZUELA
742;M;MAYOR A 18 AÑOS;NO SE AUTORRECONOCE EN NINGUNO DE LOS ANTERIORES;NO;RESTO;JOVEN;VIETNAM
743;M;MAYOR A 18 AÑOS;NO SE AUTORRECONOCE EN NINGUNO DE LOS ANTERIORES;NO;SIN INFORMACIÓN;ADULTOS ENTRE 40 Y 59;COLOMBIA
744;H;9 - 13 AÑOS;INDÍGENA;NO;RESTO;NIÑO O NIÑA ENTRE 6 MESES Y 5 AÑOS Y 11 MESES;COLOMBIA
745;H;6 - 8 AÑOS;INDÍGENA;NO;SIN INFORMACIÓN;NIÑO O NIÑA DE 6 AÑOS A 9 AÑOS, 11 MESES, 29 DAS;VENEZUELA
746;H;6 MESES - 5 AÑOS;INDÍGENA;NO;RESTO;NIÑO O NIÑA ENTRE 6 MESES Y 5 AÑOS Y 11 MESES;VIETNAM
747;H;MAYOR A 18 AÑOS;INDÍGENA;NO;RESTO;NIÑO O NIÑA DE 6 AÑOS A 9 AÑOS, 11 MESES, 29 DAS;VENEZUELA
748;M;14 - 17 AÑOS;NO SE AUTORRECONOCE EN NINGUNO DE LOS ANTERIORES;NO;RESTO;JOVEN;COLOMBIA
749;H;MAYOR A 18 AÑOS;NO SE AUTORRECONOCE EN NINGUNO DE LOS ANTERIORES;NO;CABECERA;ADULTOS DE 29 A 39 AÑOS;VENEZUELA
750;I;MAYOR A 18 AÑOS;INDÍGENA;NO;RESTO;ADULTOS DE 29 A 39 AÑOS;VENEZUELA
751;H;MAYOR A 18 AÑOS;NO SE AUTORRECONOCE EN NINGUNO DE LOS ANTERIORES;NO;SIN INFORMACIÓN;ADULTOS ENTRE 40 Y 59;VENEZUELA
752;H;6 MESES - 5 AÑOS;INDÍGENA;NO;SIN INFORMACIÓN;NIÑO O NIÑA ENTRE 6 MESES Y 5 AÑOS Y 11 MESES;VENEZUELA
753;H;6 MESES - 5 AÑOS;INDÍGENA;NO;RESTO;NIÑO O NIÑA ENTRE 6 MESES Y 5 AÑOS Y 11 MESES;VANUATU
754;M;14 - 17 AÑOS;NO SE AUTORRECONOCE EN NINGUNO DE LOS ANTERIORES;NO;SIN INFORMACIÓN;ADOLESCENTE;VENEZUELA
755;H;MAYOR A 18 AÑOS;NO SE AUTORRECONOCE EN NINGUNO DE LOS ANTERIORES;NO;CABECERA;ADULTOS ENTRE 40 Y 59;COLOMBIA
756;M;14 - 17 AÑOS;NO SE AUTORRECONOCE EN NINGUNO DE LOS ANTERIORES;NO;CABECERA;ADOLESCENTE;VENEZUELA
757;M;6 - 8 AÑOS;INDÍGENA;NO;CABECERA;NIÑO O NIÑA DE 6 AÑOS A 9 AÑOS, 11 MESES, 29 DAS;PERU
758;I;6 MESES - 5 AÑOS;INDÍGENA;NO;RESTO;NIÑO O NIÑA ENTRE 6 MESES Y 5 AÑOS Y 11 MESES;VENEZUELA
759;M;6 - 8 AÑOS;INDÍGENA;NO;CABECERA;NIÑO O NIÑA ENTRE 6 MESES Y 5 AÑOS Y 11 MESES;COLOMBIA
760;M;MAYOR A 18 AÑOS;INDÍGENA;SI;RESTO;ADULTOS ENTRE 40 Y 59;COLOMBIA
761;M;MAYOR A 18 AÑOS;INDÍGENA;SI;RESTO;JOVEN;VENEZUELA
762;H;14 - 17 AÑOS;INDÍGENA;NO;RESTO;ADOLESCENTE;VANUATU
763;I;MAYOR A 18 AÑOS;INDÍGENA;NO;RESTO;ADULTOS ENTRE 40 Y 59;VENEZUELA
764;H;MAYOR A 18 AÑOS;AFROCOLOMBIANO (A);NO;RESTO;ADULTO MAYOR DE 60 AÑOS;COLOMBIA
765;M;MAYOR A 18 AÑOS;AFROCOLOMBIANO (A);NO;RESTO;ADULTO MAYOR DE 60 AÑOS;COLOMBIA
766;H;MAYOR A 18 AÑOS;AFROCOLOMBIANO (A);NO;RESTO;ADULTOS DE 29 A 39 AÑOS;COLOMBIA
767;M;MAYOR A 18 AÑOS;AFROCOLOMBIANO (A);NO;RESTO;ADULTOS DE 29 A 39 AÑOS;COLOMBIA
768;H;MAYOR A 18 AÑOS;AFROCOLOMBIANO (A);NO;RESTO;ADULTOS DE 29 A 39 AÑOS;VENEZUELA
769;M;MAYOR A 18 AÑOS;AFROCOLOMBIANO (A);NO;RESTO;ADULTOS DE 29 A 39 AÑOS;VENEZUELA
770;H;MAYOR A 18 AÑOS;AFROCOLOMBIANO (A);NO;RESTO;ADULTOS ENTRE 40 Y 59;COLOMBIA
771;H;MAYOR A 18 AÑOS;AFROCOLOMBIANO (A);NO;RESTO;JOVEN;COLOMBIA
772;M;MAYOR A 18 AÑOS;AFROCOLOMBIANO (A);NO;RESTO;JOVEN;VENEZUELA
773;H;6 - 8 AÑOS;AFROCOLOMBIANO (A);NO;RESTO;NIÑO O NIÑA DE 6 AÑOS A 9 AÑOS, 11 MESES, 29 DAS;COLOMBIA
774;M;6 - 8 AÑOS;AFROCOLOMBIANO (A);NO;RESTO;NIÑO O NIÑA DE 6 AÑOS A 9 AÑOS, 11 MESES, 29 DAS;COLOMBIA
775;M;MAYOR A 18 AÑOS;INDÍGENA;NO;RESTO;PERSONA GESTANTE;VANUATU
776;I;MAYOR A 18 AÑOS;INDÍGENA;NO;RESTO;ADULTOS ENTRE 40 Y 59;COLOMBIA
777;I;MAYOR A 18 AÑOS;INDÍGENA;NO;RESTO;JOVEN;COLOMBIA
778;M;6 MESES - 5 AÑOS;NO SE AUTORRECONOCE EN NINGUNO DE LOS ANTERIORES;NO;RESTO;NIÑO O NIÑA ENTRE 6 MESES Y 5 AÑOS Y 11 MESES;LIBANO
779;I;9 - 13 AÑOS;INDÍGENA;NO;RESTO;NIÑO O NIÑA 10 AÑOS A 13 AÑOS, 11 MESES, 29 DIAS;VENEZUELA
780;H;14 - 17 AÑOS;NO SE AUTORRECONOCE EN NINGUNO DE LOS ANTERIORES;NO;RESTO;NIÑO O NIÑA ENTRE 6 MESES Y 5 AÑOS Y 11 MESES;VENEZUELA
781;H;0-6 MESES;INDÍGENA;NO;RESTO;NIÑO O NIÑA ENTRE 6 MESES Y 5 AÑOS Y 11 MESES;VANUATU
782;H;MAYOR A 18 AÑOS;INDÍGENA;NO;RESTO;JOVEN;TERRITORIO BRITANICO DEL OCEANO INDICO
783;H;MAYOR A 18 AÑOS;INDÍGENA;NO;RESTO;NIÑO O NIÑA ENTRE 6 MESES Y 5 AÑOS Y 11 MESES;VENEZUELA
784;H;MAYOR A 18 AÑOS;INDÍGENA;NO;RESTO;PERSONA GESTANTE;COLOMBIA
785;H;6 - 8 AÑOS;NO SE AUTORRECONOCE EN NINGUNO DE LOS ANTERIORES;NO;SIN INFORMACIÓN;NIÑO O NIÑA DE 6 AÑOS A 9 AÑOS, 11 MESES, 29 DAS;COLOMBIA
786;H;6 - 8 AÑOS;INDÍGENA;NO;SIN INFORMACIÓN;NIÑO O NIÑA ENTRE 6 MESES Y 5 AÑOS Y 11 MESES;VENEZUELA
787;M;6 MESES - 5 AÑOS;INDÍGENA;NO;RESTO;NIÑO O NIÑA ENTRE 6 MESES Y 5 AÑOS Y 11 MESES;ESTADOS UNIDOS
788;M;MAYOR A 18 AÑOS;AFROCOLOMBIANO (A);NO;RESTO;JOVEN;COLOMBIA
789;M;MAYOR A 18 AÑOS;NO SE AUTORRECONOCE EN NINGUNO DE LOS ANTERIORES;NO;RESTO;PERSONA GESTANTE;REINO UNIDO
790;H;14 - 17 AÑOS;INDÍGENA;NO;RESTO;NIÑO O NIÑA DE 6 AÑOS A 9 AÑOS, 11 MESES, 29 DAS;COLOMBIA
791;I;6 - 8 AÑOS;INDÍGENA;NO;RESTO;NIÑO O NIÑA DE 6 AÑOS A 9 AÑOS, 11 MESES, 29 DAS;COLOMBIA
792;M;MAYOR A 18 AÑOS;INDÍGENA;NO;RESTO;NIÑO O NIÑA ENTRE 6 MESES Y 5 AÑOS Y 11 MESES;COLOMBIA
793;H;MAYOR A 18 AÑOS;INDÍGENA;SI;RESTO;ADULTOS ENTRE 40 Y 59;COLOMBIA
794;H;MAYOR A 18 AÑOS;NO SE AUTORRECONOCE EN NINGUNO DE LOS ANTERIORES;NO;RESTO;PERSONA GESTANTE;COLOMBIA
795;H;9 - 13 AÑOS;INDÍGENA;NO;RESTO;ADOLESCENTE;COLOMBIA
796;H;6 - 8 AÑOS;NO SE AUTORRECONOCE EN NINGUNO DE LOS ANTERIORES;NO;RESTO;JOVEN;COLOMBIA
797;H;6 - 8 AÑOS;NO SE AUTORRECONOCE EN NINGUNO DE LOS ANTERIORES;NO;RESTO;NIÑO O NIÑA ENTRE 6 MESES Y 5 AÑOS Y 11 MESES;COLOMBIA
798;M;MAYOR A 18 AÑOS;AFROCOLOMBIANO (A);NO;RESTO;ADULTOS ENTRE 40 Y 59;COLOMBIA
799;H;6 - 8 AÑOS;NO SE AUTORRECONOCE EN NINGUNO DE LOS ANTERIORES;NO;CABECERA;NIÑO O NIÑA DE 6 AÑOS A 9 AÑOS, 11 MESES, 29 DAS;VENEZUELA
800;M;MAYOR A 18 AÑOS;INDÍGENA;NO;RESTO;PERSONA GESTANTE;TERRITORIO BRITANICO DEL OCEANO INDICO
801;M;14 - 17 AÑOS;NO SE AUTORRECONOCE EN NINGUNO DE LOS ANTERIORES;NO;SIN INFORMACIÓN;PERSONA GESTANTE;VENEZUELA
802;M;MAYOR A 18 AÑOS;INDÍGENA;NO;RESTO;ADULTOS DE 29 A 39 AÑOS;RUSIA
803;M;MAYOR A 18 AÑOS;NO SE AUTORRECONOCE EN NINGUNO DE LOS ANTERIORES;NO;RESTO;ADULTOS DE 29 A 39 AÑOS;VIETNAM
804;M;6 MESES - 5 AÑOS;INDÍGENA;NO;RESTO;JOVEN;VENEZUELA
805;M;6 MESES - 5 AÑOS;NO SE AUTORRECONOCE EN NINGUNO DE LOS ANTERIORES;NO;RESTO;NIÑO O NIÑA ENTRE 6 MESES Y 5 AÑOS Y 11 MESES;TERRITORIOS AUSTRALES FRANCESES
806;M;MAYOR A 18 AÑOS;NO SE AUTORRECONOCE EN NINGUNO DE LOS ANTERIORES;NO;RESTO;ADULTOS DE 29 A 39 AÑOS;TURKMENISTAN
807;I;MAYOR A 18 AÑOS;NO SE AUTORRECONOCE EN NINGUNO DE LOS ANTERIORES;NO;RESTO;JOVEN;VENEZUELA
808;I;6 MESES - 5 AÑOS;NO SE AUTORRECONOCE EN NINGUNO DE LOS ANTERIORES;NO;RESTO;NIÑO O NIÑA ENTRE 6 MESES Y 5 AÑOS Y 11 MESES;VENEZUELA
809;H;MAYOR A 18 AÑOS;NO SE AUTORRECONOCE EN NINGUNO DE LOS ANTERIORES;NO;SIN INFORMACIÓN;JOVEN;COLOMBIA
810;H;9 - 13 AÑOS;NO SE AUTORRECONOCE EN NINGUNO DE LOS ANTERIORES;SI;RESTO;NIÑO O NIÑA 10 AÑOS A 13 AÑOS, 11 MESES, 29 DIAS;VENEZUELA
811;H;6 - 8 AÑOS;INDÍGENA;SI;RESTO;NIÑO O NIÑA DE 6 AÑOS A 9 AÑOS, 11 MESES, 29 DAS;VENEZUELA
812;H;6 MESES - 5 AÑOS;NO SE AUTORRECONOCE EN NINGUNO DE LOS ANTERIORES;NO;RESTO;NIÑO O NIÑA ENTRE 6 MESES Y 5 AÑOS Y 11 MESES;ARUBA
813;M;6 MESES - 5 AÑOS;NO SE AUTORRECONOCE EN NINGUNO DE LOS ANTERIORES;NO;RESTO;NIÑO O NIÑA ENTRE 6 MESES Y 5 AÑOS Y 11 MESES;QATAR
814;M;MAYOR A 18 AÑOS;NO SE AUTORRECONOCE EN NINGUNO DE LOS ANTERIORES;NO;RESTO;JOVEN;UCRANIA
815;H;6 MESES - 5 AÑOS;INDÍGENA;NO;CABECERA;NIÑO O NIÑA ENTRE 6 MESES Y 5 AÑOS Y 11 MESES;VIETNAM
816;I;6 MESES - 5 AÑOS;INDÍGENA;NO;CABECERA;NIÑO O NIÑA ENTRE 6 MESES Y 5 AÑOS Y 11 MESES;VENEZUELA
817;H;MAYOR A 18 AÑOS;INDÍGENA;NO;RESTO;JOVEN;VANUATU
818;M;6 - 8 AÑOS;INDÍGENA;NO;RESTO;NIÑO O NIÑA ENTRE 6 MESES Y 5 AÑOS Y 11 MESES;VANUATU
819;M;0-6 MESES;INDÍGENA;NO;RESTO;ADULTOS DE 29 A 39 AÑOS;COLOMBIA
820;M;14 - 17 AÑOS;INDÍGENA;SI;RESTO;ADOLESCENTE;COLOMBIA
821;M;9 - 13 AÑOS;INDÍGENA;NO;CABECERA;NIÑO O NIÑA 10 AÑOS A 13 AÑOS, 11 MESES, 29 DIAS;COLOMBIA
822;H;MAYOR A 18 AÑOS;INDÍGENA;NO;CABECERA;ADULTO MAYOR DE 60 AÑOS;COLOMBIA
823;H;MAYOR A 18 AÑOS;INDÍGENA;SI;RESTO;ADULTO MAYOR DE 60 AÑOS;COLOMBIA
824;M;9 - 13 AÑOS;INDÍGENA;NO;SIN INFORMACIÓN;NIÑO O NIÑA 10 AÑOS A 13 AÑOS, 11 MESES, 29 DIAS;COLOMBIA
825;H;0-6 MESES;INDÍGENA;NO;SIN INFORMACIÓN;NIÑO O NIÑA ENTRE 6 MESES Y 5 AÑOS Y 11 MESES;COLOMBIA
826;M;14 - 17 AÑOS;INDÍGENA;NO;SIN INFORMACIÓN;ADOLESCENTE;VENEZUELA
827;M;14 - 17 AÑOS;NO SE AUTORRECONOCE EN NINGUNO DE LOS ANTERIORES;NO;SIN INFORMACIÓN;ADOLESCENTE;COLOMBIA
828;H;MAYOR A 18 AÑOS;INDÍGENA;NO;SIN INFORMACIÓN;ADULTO MAYOR DE 60 AÑOS;VENEZUELA
829;I;MAYOR A 18 AÑOS;NO SE AUTORRECONOCE EN NINGUNO DE LOS ANTERIORES;NO;RESTO;ADULTOS ENTRE 40 Y 59;COLOMBIA
830;M;MAYOR A 18 AÑOS;NO SE AUTORRECONOCE EN NINGUNO DE LOS ANTERIORES;NO;RESTO;JOVEN;YEMEN
831;M;MAYOR A 18 AÑOS;INDÍGENA;NO;RESTO;ADULTOS DE 29 A 39 AÑOS;TANZANIA
832;M;MAYOR A 18 AÑOS;INDÍGENA;NO;RESTO;JOVEN;UZBEKISTAN
833;M;MAYOR A 18 AÑOS;NO SE AUTORRECONOCE EN NINGUNO DE LOS ANTERIORES;NO;SIN INFORMACIÓN;ADULTO MAYOR DE 60 AÑOS;VENEZUELA
834;M;MAYOR A 18 AÑOS;AFROCOLOMBIANO (A);NO;SIN INFORMACIÓN;ADULTOS DE 29 A 39 AÑOS;VENEZUELA
835;H;MAYOR A 18 AÑOS;AFROCOLOMBIANO (A);NO;RESTO;ADULTOS ENTRE 40 Y 59;VENEZUELA
836;M;MAYOR A 18 AÑOS;AFROCOLOMBIANO (A);NO;SIN INFORMACIÓN;ADULTOS ENTRE 40 Y 59;VENEZUELA
837;M;MAYOR A 18 AÑOS;AFROCOLOMBIANO (A);NO;RESTO;ADULTOS ENTRE 40 Y 59;VENEZUELA
838;H;MAYOR A 18 AÑOS;AFROCOLOMBIANO (A);NO;RESTO;JOVEN;VENEZUELA
839;H;6 MESES - 5 AÑOS;INDÍGENA;NO;RESTO;NIÑO O NIÑA ENTRE 6 MESES Y 5 AÑOS Y 11 MESES;TOKELAU
840;H;6 MESES - 5 AÑOS;INDÍGENA;NO;RESTO;NIÑO O NIÑA ENTRE 6 MESES Y 5 AÑOS Y 11 MESES;TERRITORIOS AUSTRALES FRANCESES
841;M;9 - 13 AÑOS;INDÍGENA;NO;RESTO;NIÑO O NIÑA 10 AÑOS A 13 AÑOS, 11 MESES, 29 DIAS;TERRITORIO BRITANICO DEL OCEANO INDICO
842;M;0-6 MESES;INDÍGENA;NO;RESTO;NIÑO O NIÑA DE 6 AÑOS A 9 AÑOS, 11 MESES, 29 DAS;COLOMBIA
843;H;6 MESES - 5 AÑOS;INDÍGENA;NO;RESTO;NIÑO O NIÑA ENTRE 6 MESES Y 5 AÑOS Y 11 MESES;UZBEKISTAN
844;H;6 MESES - 5 AÑOS;INDÍGENA;NO;RESTO;NIÑO O NIÑA ENTRE 6 MESES Y 5 AÑOS Y 11 MESES;ALBANIA
845;M;MAYOR A 18 AÑOS;NO SE AUTORRECONOCE EN NINGUNO DE LOS ANTERIORES;NO;RESTO;JOVEN;ECUADOR
846;M;MAYOR A 18 AÑOS;NO SE AUTORRECONOCE EN NINGUNO DE LOS ANTERIORES;NO;RESTO;ADULTOS DE 29 A 39 AÑOS;VANUATU
847;H;6 - 8 AÑOS;NO SE AUTORRECONOCE EN NINGUNO DE LOS ANTERIORES;SI;RESTO;NIÑO O NIÑA DE 6 AÑOS A 9 AÑOS, 11 MESES, 29 DAS;VENEZUELA
848;H;6 - 8 AÑOS;NO SE AUTORRECONOCE EN NINGUNO DE LOS ANTERIORES;NO;RESTO;NIÑO O NIÑA 10 AÑOS A 13 AÑOS, 11 MESES, 29 DIAS;VENEZUELA
849;M;6 - 8 AÑOS;NO SE AUTORRECONOCE EN NINGUNO DE LOS ANTERIORES;NO;RESTO;NIÑO O NIÑA ENTRE 6 MESES Y 5 AÑOS Y 11 MESES;VENEZUELA
850;M;MAYOR A 18 AÑOS;NO SE AUTORRECONOCE EN NINGUNO DE LOS ANTERIORES;NO;RESTO;PERSONA GESTANTE;TAYIKISTAN
851;H;9 - 13 AÑOS;INDÍGENA;NO;CABECERA;NIÑO O NIÑA 10 AÑOS A 13 AÑOS, 11 MESES, 29 DIAS;VENEZUELA
852;M;6 MESES - 5 AÑOS;INDÍGENA;NO;CABECERA;NIÑO O NIÑA DE 6 AÑOS A 9 AÑOS, 11 MESES, 29 DAS;COLOMBIA
853;M;9 - 13 AÑOS;NO SE AUTORRECONOCE EN NINGUNO DE LOS ANTERIORES;NO;RESTO;NIÑO O NIÑA ENTRE 6 MESES Y 5 AÑOS Y 11 MESES;COLOMBIA
854;M;MAYOR A 18 AÑOS;INDÍGENA;NO;RESTO;ADULTOS DE 29 A 39 AÑOS;VIETNAM
855;H;6 MESES - 5 AÑOS;NO SE AUTORRECONOCE EN NINGUNO DE LOS ANTERIORES;NO;RESTO;JOVEN;VENEZUELA
856;M;9 - 13 AÑOS;NO SE AUTORRECONOCE EN NINGUNO DE LOS ANTERIORES;NO;RESTO;NIÑO O NIÑA ENTRE 6 MESES Y 5 AÑOS Y 11 MESES;VENEZUELA
857;H;6 MESES - 5 AÑOS;INDÍGENA;NO;RESTO;NIÑO O NIÑA ENTRE 6 MESES Y 5 AÑOS Y 11 MESES;MEXICO
858;H;0-6 MESES;INDÍGENA;NO;SIN INFORMACIÓN;MENOR DE SEIS MESES;VENEZUELA
859;M;6 MESES - 5 AÑOS;NO SE AUTORRECONOCE EN NINGUNO DE LOS ANTERIORES;NO;RESTO;NIÑO O NIÑA ENTRE 6 MESES Y 5 AÑOS Y 11 MESES;TANZANIA
860;M;MAYOR A 18 AÑOS;INDÍGENA;NO;RESTO;JOVEN;TUVALU
861;H;6 MESES - 5 AÑOS;NO SE AUTORRECONOCE EN NINGUNO DE LOS ANTERIORES;NO;CABECERA;NIÑO O NIÑA ENTRE 6 MESES Y 5 AÑOS Y 11 MESES;CIUDAD DEL VATICANO
862;I;6 MESES - 5 AÑOS;COMUNIDAD NEGRA;NO;RESTO;NIÑO O NIÑA ENTRE 6 MESES Y 5 AÑOS Y 11 MESES;COLOMBIA
863;H;14 - 17 AÑOS;NO SE AUTORRECONOCE EN NINGUNO DE LOS ANTERIORES;NO;CABECERA;PERSONA GESTANTE;COLOMBIA
864;M;MAYOR A 18 AÑOS;NO SE AUTORRECONOCE EN NINGUNO DE LOS ANTERIORES;NO;RESTO;MENOR DE SEIS MESES;COLOMBIA
865;M;6 - 8 AÑOS;AFROCOLOMBIANO (A);NO;CABECERA;NIÑO O NIÑA ENTRE 6 MESES Y 5 AÑOS Y 11 MESES;VENEZUELA
866;H;14 - 17 AÑOS;NO SE AUTORRECONOCE EN NINGUNO DE LOS ANTERIORES;NO;RESTO;PERSONA GESTANTE;COLOMBIA
867;M;6 MESES - 5 AÑOS;AFROCOLOMBIANO (A);SI;RESTO;NIÑO O NIÑA ENTRE 6 MESES Y 5 AÑOS Y 11 MESES;COLOMBIA
868;H;0-6 MESES;AFROCOLOMBIANO (A);NO;RESTO;MENOR DE SEIS MESES;VENEZUELA
869;M;0-6 MESES;AFROCOLOMBIANO (A);NO;RESTO;MENOR DE SEIS MESES;VENEZUELA
870;M;MAYOR A 18 AÑOS;NO SE AUTORRECONOCE EN NINGUNO DE LOS ANTERIORES;NO;CABECERA;PERSONA GESTANTE;BAHREIN
871;M;0-6 MESES;NO SE AUTORRECONOCE EN NINGUNO DE LOS ANTERIORES;NO;CABECERA;NIÑO O NIÑA ENTRE 6 MESES Y 5 AÑOS Y 11 MESES;AFGANISTAN
872;H;6 MESES - 5 AÑOS;NO SE AUTORRECONOCE EN NINGUNO DE LOS ANTERIORES;SI;CABECERA;NIÑA O NIÑO DESDE LOS SIETE (7) MESES HASTA LOS DOS (2) AÑOS, ONCE (11) MESES Y VEINTINUEVE (29) DIAS;COLOMBIA
873;H;0-6 MESES;NO SE AUTORRECONOCE EN NINGUNO DE LOS ANTERIORES;NO;CABECERA;MENOR DE SEIS MESES;ESPAÑA
874;M;6 MESES - 5 AÑOS;NO SE AUTORRECONOCE EN NINGUNO DE LOS ANTERIORES;NO;RESTO;NIÑO O NIÑA ENTRE 6 MESES Y 5 AÑOS Y 11 MESES;FRANCIA
875;M;6 MESES - 5 AÑOS;NO SE AUTORRECONOCE EN NINGUNO DE LOS ANTERIORES;NO;RESTO;NIÑAS Y NIÑOS DEL RANGO DE 18 MESES A 4 AÑOS, 11 MESES Y 29 DIAS;ECUADOR
876;M;0-6 MESES;INDÍGENA;NO;RESTO;NIÑO O NIÑA ENTRE 6 MESES Y 5 AÑOS Y 11 MESES;ECUADOR
877;H;0-6 MESES;NO SE AUTORRECONOCE EN NINGUNO DE LOS ANTERIORES;NO;RESTO;MENOR DE SEIS MESES;ECUADOR
878;M;0-6 MESES;NO SE AUTORRECONOCE EN NINGUNO DE LOS ANTERIORES;NO;RESTO;NIÑO O NIÑA ENTRE 6 MESES Y 5 AÑOS Y 11 MESES;ECUADOR
879;H;6 MESES - 5 AÑOS;INDÍGENA;NO;CABECERA;NIÑO O NIÑA ENTRE 6 MESES Y 5 AÑOS Y 11 MESES;ECUADOR
880;M;6 MESES - 5 AÑOS;INDÍGENA;NO;RESTO;NIÑO O NIÑA ENTRE 6 MESES Y 5 AÑOS Y 11 MESES;ECUADOR
881;M;6 MESES - 5 AÑOS;INDÍGENA;NO;RESTO;NIÑO O NIÑA ENTRE 6 MESES Y 5 AÑOS Y 11 MESES;ARGENTINA
882;H;0-6 MESES;INDÍGENA;NO;RESTO;NIÑO O NIÑA ENTRE 6 MESES Y 5 AÑOS Y 11 MESES;MEXICO
883;H;0-6 MESES;INDÍGENA;NO;RESTO;MENOR DE SEIS MESES;ECUADOR
884;M;0-6 MESES;INDÍGENA;NO;RESTO;MENOR DE SEIS MESES;ECUADOR
885;H;0-6 MESES;INDÍGENA;NO;RESTO;NIÑO O NIÑA ENTRE 6 MESES Y 5 AÑOS Y 11 MESES;ECUADOR
886;M;MAYOR A 18 AÑOS;INDÍGENA;NO;RESTO;PERSONA GESTANTE;ECUADOR
887;H;6 MESES - 5 AÑOS;NO SE AUTORRECONOCE EN NINGUNO DE LOS ANTERIORES;NO;RESTO;NIÑO O NIÑA ENTRE 6 MESES Y 5 AÑOS Y 11 MESES;EL SALVADOR
888;M;6 MESES - 5 AÑOS;AFROCOLOMBIANO (A);NO;RESTO;NIÑAS Y NIÑOS HASTA LOS CINCO (5) AÑOS, ONCE (11) MESES VEINTINUEVE (29) DAS;COLOMBIA
889;H;6 MESES - 5 AÑOS;AFROCOLOMBIANO (A);NO;RESTO;NIÑAS Y NIÑOS HASTA LOS CINCO (5) AÑOS, ONCE (11) MESES VEINTINUEVE (29) DAS;COLOMBIA
890;M;6 MESES - 5 AÑOS;NO SE AUTORRECONOCE EN NINGUNO DE LOS ANTERIORES;NO;RESTO;NIÑA O NIÑO ENTRE LOS 7 MESES Y (2) DOS AÑOS DE EDAD;ECUADOR
891;M;0-6 MESES;AFROCOLOMBIANO (A);NO;CABECERA;NIÑA O NIÑO HASTA LOS CUATRO (4) AÑOS, ONCE (11) MESES Y VEINTINUEVE (29) DIAS;COLOMBIA
892;M;6 MESES - 5 AÑOS;COMUNIDAD NEGRA;NO;RESTO;NIÑA O NIÑO HASTA LOS CUATRO (4) AÑOS, ONCE (11) MESES Y VEINTINUEVE (29) DIAS;COLOMBIA
893;H;6 MESES - 5 AÑOS;NO SE AUTORRECONOCE EN NINGUNO DE LOS ANTERIORES;NO;RESTO;NIÑA O NIÑO ENTRE LOS 7 MESES Y (2) DOS AÑOS DE EDAD;VENEZUELA
894;M;MAYOR A 18 AÑOS;NO SE AUTORRECONOCE EN NINGUNO DE LOS ANTERIORES;NO;RESTO;PERSONA GESTANTE;ARGENTINA
895;H;0-6 MESES;NO SE AUTORRECONOCE EN NINGUNO DE LOS ANTERIORES;NO;CABECERA;NIÑO O NIÑA ENTRE 6 MESES Y 5 AÑOS Y 11 MESES;PANAMA
896;H;6 MESES - 5 AÑOS;NO SE AUTORRECONOCE EN NINGUNO DE LOS ANTERIORES;NO;RESTO;NIÑO O NIÑA ENTRE 6 MESES Y 5 AÑOS Y 11 MESES;ITALIA
897;H;6 MESES - 5 AÑOS;AFROCOLOMBIANO (A);NO;RESTO;NIÑAS Y NIÑOS DEL RANGO DE 18 MESES A 4 AÑOS, 11 MESES Y 29 DIAS;COLOMBIA
898;M;6 MESES - 5 AÑOS;NO SE AUTORRECONOCE EN NINGUNO DE LOS ANTERIORES;SI;RESTO;NIÑO O NIÑA ENTRE 6 MESES Y 5 AÑOS Y 11 MESES;VENEZUELA
899;M;MAYOR A 18 AÑOS;NO SE AUTORRECONOCE EN NINGUNO DE LOS ANTERIORES;NO;RESTO;PERSONA GESTANTE;EL SALVADOR
900;M;6 MESES - 5 AÑOS;NO SE AUTORRECONOCE EN NINGUNO DE LOS ANTERIORES;NO;CABECERA;NIÑAS Y NIÑOS HASTA LOS CINCO (5) AÑOS, ONCE (11) MESES VEINTINUEVE (29) DAS;ECUADOR
901;M;6 MESES - 5 AÑOS;AFROCOLOMBIANO (A);NO;CABECERA;NIÑA O NIÑO ENTRE LOS 7 MESES Y (2) DOS AÑOS DE EDAD;COLOMBIA
902;H;6 MESES - 5 AÑOS;AFROCOLOMBIANO (A);NO;CABECERA;NIÑA O NIÑO ENTRE LOS 7 MESES Y (2) DOS AÑOS DE EDAD;COLOMBIA
903;M;0-6 MESES;AFROCOLOMBIANO (A);NO;RESTO;NIÑO O NIÑA ENTRE 6 MESES Y 5 AÑOS Y 11 MESES;ECUADOR
904;M;MAYOR A 18 AÑOS;AFROCOLOMBIANO (A);NO;RESTO;PERSONA GESTANTE;ECUADOR
905;H;6 MESES - 5 AÑOS;NO SE AUTORRECONOCE EN NINGUNO DE LOS ANTERIORES;NO;RESTO;NIÑO O NIÑA ENTRE 6 MESES Y 5 AÑOS Y 11 MESES;DOMINICA
906;M;MAYOR A 18 AÑOS;NO SE AUTORRECONOCE EN NINGUNO DE LOS ANTERIORES;NO;RESTO;PERSONA GESTANTE;PORTUGAL
907;M;6 MESES - 5 AÑOS;NO SE AUTORRECONOCE EN NINGUNO DE LOS ANTERIORES;NO;CABECERA;NIÑO O NIÑA ENTRE 6 MESES Y 5 AÑOS Y 11 MESES;COSTA RICA
908;M;6 MESES - 5 AÑOS;NO SE AUTORRECONOCE EN NINGUNO DE LOS ANTERIORES;NO;CABECERA;NIÑO O NIÑA ENTRE 6 MESES Y 5 AÑOS Y 11 MESES;UCRANIA
909;M;0-6 MESES;NO SE AUTORRECONOCE EN NINGUNO DE LOS ANTERIORES;NO;CABECERA;MENOR DE SEIS MESES;AFGANISTAN
910;M;6 MESES - 5 AÑOS;NO SE AUTORRECONOCE EN NINGUNO DE LOS ANTERIORES;NO;CABECERA;NIÑAS Y NIÑOS HASTA LOS CINCO (5) AÑOS, ONCE (11) MESES VEINTINUEVE (29) DAS;CHILE
911;H;6 MESES - 5 AÑOS;NO SE AUTORRECONOCE EN NINGUNO DE LOS ANTERIORES;NO;CABECERA;NIÑO O NIÑA ENTRE 6 MESES Y 5 AÑOS Y 11 MESES;ARMENIA
912;M;MAYOR A 18 AÑOS;NO SE AUTORRECONOCE EN NINGUNO DE LOS ANTERIORES;NO;CABECERA;PERSONA GESTANTE;BAHAMAS
913;H;6 MESES - 5 AÑOS;NO SE AUTORRECONOCE EN NINGUNO DE LOS ANTERIORES;NO;RESTO;NIÑA O NIÑO HASTA LOS CUATRO (4) AÑOS, ONCE (11) MESES Y VEINTINUEVE (29) DIAS;MEXICO
914;H;6 MESES - 5 AÑOS;NO SE AUTORRECONOCE EN NINGUNO DE LOS ANTERIORES;NO;CABECERA;NIÑO O NIÑA ENTRE 6 MESES Y 5 AÑOS Y 11 MESES;MARRUECOS
915;M;MAYOR A 18 AÑOS;NO SE AUTORRECONOCE EN NINGUNO DE LOS ANTERIORES;NO;CABECERA;PERSONA GESTANTE;CANADA
916;M;0-6 MESES;NO SE AUTORRECONOCE EN NINGUNO DE LOS ANTERIORES;NO;CABECERA;NIÑA O NIÑO HASTA LOS CUATRO (4) AÑOS, ONCE (11) MESES Y VEINTINUEVE (29) DIAS;COLOMBIA
917;H;6 MESES - 5 AÑOS;NO SE AUTORRECONOCE EN NINGUNO DE LOS ANTERIORES;SI;RESTO;NIÑO O NIÑA ENTRE 6 MESES Y 5 AÑOS Y 11 MESES;VENEZUELA
918;M;6 MESES - 5 AÑOS;NO SE AUTORRECONOCE EN NINGUNO DE LOS ANTERIORES;NO;CABECERA;NIÑO O NIÑA ENTRE 6 MESES Y 5 AÑOS Y 11 MESES;EMIRATOS ARABES UNIDOS
919;M;6 MESES - 5 AÑOS;NO SE AUTORRECONOCE EN NINGUNO DE LOS ANTERIORES;NO;CABECERA;NIÑO O NIÑA ENTRE 6 MESES Y 5 AÑOS Y 11 MESES;TURQUIA
920;M;6 MESES - 5 AÑOS;NO SE AUTORRECONOCE EN NINGUNO DE LOS ANTERIORES;NO;RESTO;NIÑO O NIÑA ENTRE 6 MESES Y 5 AÑOS Y 11 MESES;BELGICA
921;M;6 MESES - 5 AÑOS;NO SE AUTORRECONOCE EN NINGUNO DE LOS ANTERIORES;NO;CABECERA;NIÑO O NIÑA ENTRE 6 MESES Y 5 AÑOS Y 11 MESES;IRLANDA
922;M;6 MESES - 5 AÑOS;NO SE AUTORRECONOCE EN NINGUNO DE LOS ANTERIORES;NO;CABECERA;NIÑO O NIÑA ENTRE 6 MESES Y 5 AÑOS Y 11 MESES;BAHAMAS
923;M;0-6 MESES;NO SE AUTORRECONOCE EN NINGUNO DE LOS ANTERIORES;NO;CABECERA;NIÑO O NIÑA ENTRE 6 MESES Y 5 AÑOS Y 11 MESES;MEXICO
924;H;6 MESES - 5 AÑOS;NO SE AUTORRECONOCE EN NINGUNO DE LOS ANTERIORES;NO;RESTO;NIÑO O NIÑA ENTRE 6 MESES Y 5 AÑOS Y 11 MESES;REINO UNIDO
925;H;6 MESES - 5 AÑOS;NO SE AUTORRECONOCE EN NINGUNO DE LOS ANTERIORES;NO;CABECERA;NIÑAS Y NIÑOS DEL RANGO DE 18 MESES A 4 AÑOS, 11 MESES Y 29 DIAS;ECUADOR
926;M;6 MESES - 5 AÑOS;NO SE AUTORRECONOCE EN NINGUNO DE LOS ANTERIORES;SI;CABECERA;NIÑO O NIÑA ENTRE 6 MESES Y 5 AÑOS Y 11 MESES;ECUADOR
927;H;6 MESES - 5 AÑOS;NO SE AUTORRECONOCE EN NINGUNO DE LOS ANTERIORES;NO;CABECERA;NIÑO O NIÑA ENTRE 6 MESES Y 5 AÑOS Y 11 MESES;LIBANO
928;M;MAYOR A 18 AÑOS;NO SE AUTORRECONOCE EN NINGUNO DE LOS ANTERIORES;NO;CABECERA;PERSONA GESTANTE;BOLIVIA
929;H;0-6 MESES;NO SE AUTORRECONOCE EN NINGUNO DE LOS ANTERIORES;NO;CABECERA;NIÑO O NIÑA ENTRE 6 MESES Y 5 AÑOS Y 11 MESES;BRASIL
930;M;MAYOR A 18 AÑOS;NO SE AUTORRECONOCE EN NINGUNO DE LOS ANTERIORES;NO;CABECERA;PERSONA GESTANTE;BRASIL
931;M;MAYOR A 18 AÑOS;NO SE AUTORRECONOCE EN NINGUNO DE LOS ANTERIORES;NO;CABECERA;PERSONA GESTANTE;FRANCIA
932;M;MAYOR A 18 AÑOS;NO SE AUTORRECONOCE EN NINGUNO DE LOS ANTERIORES;NO;CABECERA;NIÑO O NIÑA ENTRE 6 MESES Y 5 AÑOS Y 11 MESES;VENEZUELA
933;H;6 MESES - 5 AÑOS;NO SE AUTORRECONOCE EN NINGUNO DE LOS ANTERIORES;NO;CABECERA;NIÑO O NIÑA ENTRE 6 MESES Y 5 AÑOS Y 11 MESES;JAPON
934;H;6 MESES - 5 AÑOS;NO SE AUTORRECONOCE EN NINGUNO DE LOS ANTERIORES;NO;CABECERA;NIÑO O NIÑA ENTRE 6 MESES Y 5 AÑOS Y 11 MESES;TAILANDIA
935;M;MAYOR A 18 AÑOS;NO SE AUTORRECONOCE EN NINGUNO DE LOS ANTERIORES;NO;CABECERA;PERSONA GESTANTE;EL SALVADOR
936;M;0-6 MESES;NO SE AUTORRECONOCE EN NINGUNO DE LOS ANTERIORES;NO;CABECERA;NIÑO O NIÑA ENTRE 6 MESES Y 5 AÑOS Y 11 MESES;CANADA
937;M;MAYOR A 18 AÑOS;NO SE AUTORRECONOCE EN NINGUNO DE LOS ANTERIORES;NO;CABECERA;PERSONA GESTANTE;URUGUAY
938;M;6 - 8 AÑOS;NO SE AUTORRECONOCE EN NINGUNO DE LOS ANTERIORES;SI;RESTO;NIÑO O NIÑA ENTRE 6 MESES Y 5 AÑOS Y 11 MESES;COLOMBIA
939;H;6 MESES - 5 AÑOS;NO SE AUTORRECONOCE EN NINGUNO DE LOS ANTERIORES;NO;CABECERA;NIÑO O NIÑA ENTRE 6 MESES Y 5 AÑOS Y 11 MESES;CHINA
940;M;6 MESES - 5 AÑOS;NO SE AUTORRECONOCE EN NINGUNO DE LOS ANTERIORES;NO;CABECERA;NIÑO O NIÑA ENTRE 6 MESES Y 5 AÑOS Y 11 MESES;CHINA
941;M;0-6 MESES;NO SE AUTORRECONOCE EN NINGUNO DE LOS ANTERIORES;NO;CABECERA;NIÑO O NIÑA ENTRE 6 MESES Y 5 AÑOS Y 11 MESES;REINO UNIDO
942;M;MAYOR A 18 AÑOS;NO SE AUTORRECONOCE EN NINGUNO DE LOS ANTERIORES;NO;RESTO;PERSONA GESTANTE;VANUATU
943;H;6 MESES - 5 AÑOS;NO SE AUTORRECONOCE EN NINGUNO DE LOS ANTERIORES;NO;RESTO;NIÑO O NIÑA ENTRE 6 MESES Y 5 AÑOS Y 11 MESES;AUSTRALIA
944;M;0-6 MESES;NO SE AUTORRECONOCE EN NINGUNO DE LOS ANTERIORES;NO;RESTO;NIÑO O NIÑA ENTRE 6 MESES Y 5 AÑOS Y 11 MESES;REPUBLICA DOMINICANA
945;H;6 MESES - 5 AÑOS;NO SE AUTORRECONOCE EN NINGUNO DE LOS ANTERIORES;NO;CABECERA;NIÑO O NIÑA ENTRE 6 MESES Y 5 AÑOS Y 11 MESES;GRECIA
946;M;6 MESES - 5 AÑOS;NO SE AUTORRECONOCE EN NINGUNO DE LOS ANTERIORES;NO;CABECERA;NIÑO O NIÑA ENTRE 6 MESES Y 5 AÑOS Y 11 MESES;PAISES BAJOS
947;M;14 - 17 AÑOS;NO SE AUTORRECONOCE EN NINGUNO DE LOS ANTERIORES;NO;CABECERA;PERSONA GESTANTE;COSTA RICA
948;M;6 MESES - 5 AÑOS;COMUNIDAD NEGRA;NO;RESTO;NIÑAS Y NIÑOS HASTA LOS CINCO (5) AÑOS, ONCE (11) MESES VEINTINUEVE (29) DAS;COLOMBIA
949;H;0-6 MESES;NO SE AUTORRECONOCE EN NINGUNO DE LOS ANTERIORES;NO;CABECERA;NIÑO O NIÑA ENTRE 6 MESES Y 5 AÑOS Y 11 MESES;CHILE
950;I;6 MESES - 5 AÑOS;NO SE AUTORRECONOCE EN NINGUNO DE LOS ANTERIORES;NO;CABECERA;NIÑO O NIÑA ENTRE 6 MESES Y 5 AÑOS Y 11 MESES;ECUADOR
951;M;6 - 8 AÑOS;NO SE AUTORRECONOCE EN NINGUNO DE LOS ANTERIORES;NO;CABECERA;NIÑO O NIÑA ENTRE 6 MESES Y 5 AÑOS Y 11 MESES;COLOMBIA
952;M;6 MESES - 5 AÑOS;AFROCOLOMBIANO (A);NO;CABECERA;NIÑO O NIÑA ENTRE 6 MESES Y 5 AÑOS Y 11 MESES;ESPAÑA
953;H;0-6 MESES;NO SE AUTORRECONOCE EN NINGUNO DE LOS ANTERIORES;NO;CABECERA;MENOR DE SEIS MESES;CHILE
954;M;MAYOR A 18 AÑOS;NO SE AUTORRECONOCE EN NINGUNO DE LOS ANTERIORES;NO;CABECERA;PERSONA GESTANTE;ITALIA
955;M;6 MESES - 5 AÑOS;NO SE AUTORRECONOCE EN NINGUNO DE LOS ANTERIORES;NO;RESTO;NIÑO O NIÑA ENTRE 6 MESES Y 5 AÑOS Y 11 MESES;GUATEMALA
956;M;0-6 MESES;INDÍGENA;SI;CABECERA;MENOR DE SEIS MESES;COLOMBIA
957;H;6 MESES - 5 AÑOS;NO SE AUTORRECONOCE EN NINGUNO DE LOS ANTERIORES;NO;RESTO;NIÑO O NIÑA ENTRE 6 MESES Y 5 AÑOS Y 11 MESES;PARAGUAY
958;H;6 MESES - 5 AÑOS;NO SE AUTORRECONOCE EN NINGUNO DE LOS ANTERIORES;NO;RESTO;NIÑO O NIÑA ENTRE 6 MESES Y 5 AÑOS Y 11 MESES;DINAMARCA
959;H;6 MESES - 5 AÑOS;NO SE AUTORRECONOCE EN NINGUNO DE LOS ANTERIORES;SI;CABECERA;NIÑO O NIÑA ENTRE 6 MESES Y 5 AÑOS Y 11 MESES;ECUADOR
960;H;6 MESES - 5 AÑOS;NO SE AUTORRECONOCE EN NINGUNO DE LOS ANTERIORES;NO;CABECERA;NIÑO O NIÑA ENTRE 6 MESES Y 5 AÑOS Y 11 MESES;ISLA DE MAN
961;M;6 MESES - 5 AÑOS;NO SE AUTORRECONOCE EN NINGUNO DE LOS ANTERIORES;SI;CABECERA;NIÑO O NIÑA ENTRE 6 MESES Y 5 AÑOS Y 11 MESES;BRASIL
962;M;6 MESES - 5 AÑOS;NO SE AUTORRECONOCE EN NINGUNO DE LOS ANTERIORES;NO;RESTO;NIÑO O NIÑA ENTRE 6 MESES Y 5 AÑOS Y 11 MESES;CANADA
963;M;6 MESES - 5 AÑOS;NO SE AUTORRECONOCE EN NINGUNO DE LOS ANTERIORES;SI;CABECERA;NIÑO O NIÑA ENTRE 6 MESES Y 5 AÑOS Y 11 MESES;ALEMANIA
964;M;6 MESES - 5 AÑOS;AFROCOLOMBIANO (A);NO;CABECERA;NIÑAS Y NIÑOS HASTA LOS CINCO (5) AÑOS, ONCE (11) MESES VEINTINUEVE (29) DAS;COLOMBIA
965;M;6 MESES - 5 AÑOS;NO SE AUTORRECONOCE EN NINGUNO DE LOS ANTERIORES;NO;RESTO;NIÑA O NIÑO DESDE LOS SIETE (7) MESES HASTA LOS DOS (2) AÑOS, ONCE (11) MESES Y VEINTINUEVE (29) DIAS;VENEZUELA
966;M;MAYOR A 18 AÑOS;NO SE AUTORRECONOCE EN NINGUNO DE LOS ANTERIORES;NO;CABECERA;PERSONA GESTANTE;ARGENTINA
967;M;0-6 MESES;NO SE AUTORRECONOCE EN NINGUNO DE LOS ANTERIORES;NO;RESTO;MENOR DE SEIS MESES;PERU
968;H;6 MESES - 5 AÑOS;NO SE AUTORRECONOCE EN NINGUNO DE LOS ANTERIORES;SI;RESTO;NIÑO O NIÑA ENTRE 6 MESES Y 5 AÑOS Y 11 MESES;ECUADOR
969;H;0-6 MESES;PALENQUERO (A);NO;RESTO;MENOR DE SEIS MESES;COLOMBIA
970;H;6 MESES - 5 AÑOS;RAIZAL;NO;RESTO;NIÑO O NIÑA ENTRE 6 MESES Y 5 AÑOS Y 11 MESES;COLOMBIA
971;M;6 MESES - 5 AÑOS;RAIZAL;NO;CABECERA;NIÑO O NIÑA ENTRE 6 MESES Y 5 AÑOS Y 11 MESES;COLOMBIA
972;M;6 MESES - 5 AÑOS;RAIZAL;NO;RESTO;NIÑO O NIÑA ENTRE 6 MESES Y 5 AÑOS Y 11 MESES;COLOMBIA
973;M;6 MESES - 5 AÑOS;RAIZAL;NO;RESTO;NIÑO O NIÑA ENTRE 6 MESES Y 5 AÑOS Y 11 MESES;ESTADOS UNIDOS
974;H;6 MESES - 5 AÑOS;PALENQUERO (A);SI;RESTO;NIÑO O NIÑA ENTRE 6 MESES Y 5 AÑOS Y 11 MESES;COLOMBIA
975;H;0-6 MESES;RAIZAL;NO;RESTO;NIÑO O NIÑA ENTRE 6 MESES Y 5 AÑOS Y 11 MESES;COLOMBIA
976;M;6 MESES - 5 AÑOS;RAIZAL;SI;RESTO;NIÑO O NIÑA ENTRE 6 MESES Y 5 AÑOS Y 11 MESES;COLOMBIA
977;H;0-6 MESES;RAIZAL;NO;RESTO;MENOR DE SEIS MESES;COLOMBIA
978;M;0-6 MESES;RAIZAL;NO;RESTO;MENOR DE SEIS MESES;COLOMBIA
979;M;0-6 MESES;RAIZAL;NO;RESTO;NIÑO O NIÑA ENTRE 6 MESES Y 5 AÑOS Y 11 MESES;COLOMBIA
980;M;MAYOR A 18 AÑOS;RAIZAL;NO;RESTO;PERSONA GESTANTE;COLOMBIA
981;H;6 MESES - 5 AÑOS;AFROCOLOMBIANO (A);NO;RESTO;NIÑA O NIÑO DESDE LOS SIETE (7) MESES HASTA LOS DOS (2) AÑOS, ONCE (11) MESES Y VEINTINUEVE (29) DIAS;COLOMBIA
982;M;14 - 17 AÑOS;RAIZAL;NO;RESTO;PERSONA GESTANTE;COLOMBIA
983;M;6 MESES - 5 AÑOS;RAIZAL;NO;RESTO;NIÑA O NIÑO DESDE LOS SIETE (7) MESES HASTA LOS DOS (2) AÑOS, ONCE (11) MESES Y VEINTINUEVE (29) DIAS;COLOMBIA
984;M;MAYOR A 18 AÑOS;RAIZAL;NO;RESTO;PERSONA GESTANTE;VENEZUELA
985;M;6 MESES - 5 AÑOS;NO SE AUTORRECONOCE EN NINGUNO DE LOS ANTERIORES;NO;CABECERA;NIÑO O NIÑA ENTRE 6 MESES Y 5 AÑOS Y 11 MESES;BULGARIA
986;H;0-6 MESES;INDÍGENA;NO;RESTO;MENOR DE SEIS MESES;BRASIL
987;M;0-6 MESES;INDÍGENA;NO;RESTO;MENOR DE SEIS MESES;BRASIL
988;M;6 MESES - 5 AÑOS;INDÍGENA;NO;RESTO;NIÑO O NIÑA ENTRE 6 MESES Y 5 AÑOS Y 11 MESES;BRASIL
989;M;MAYOR A 18 AÑOS;INDÍGENA;NO;RESTO;PERSONA GESTANTE;BRASIL
990;M;MAYOR A 18 AÑOS;INDÍGENA;NO;RESTO;PERSONA GESTANTE;PERU
991;M;14 - 17 AÑOS;INDÍGENA;NO;RESTO;PERSONA GESTANTE;BRASIL
992;H;0-6 MESES;INDÍGENA;NO;RESTO;NIÑO O NIÑA ENTRE 6 MESES Y 5 AÑOS Y 11 MESES;BRASIL
993;H;6 MESES - 5 AÑOS;INDÍGENA;NO;RESTO;NIÑO O NIÑA ENTRE 6 MESES Y 5 AÑOS Y 11 MESES;PERU
994;M;14 - 17 AÑOS;INDÍGENA;NO;RESTO;PERSONA GESTANTE;PERU
995;H;6 MESES - 5 AÑOS;INDÍGENA;NO;CABECERA;NIÑO O NIÑA ENTRE 6 MESES Y 5 AÑOS Y 11 MESES;BRASIL
996;H;0-6 MESES;NO SE AUTORRECONOCE EN NINGUNO DE LOS ANTERIORES;NO;CABECERA;MENOR DE SEIS MESES;BRASIL
997;M;0-6 MESES;NO SE AUTORRECONOCE EN NINGUNO DE LOS ANTERIORES;NO;CABECERA;MENOR DE SEIS MESES;BRASIL
998;M;6 MESES - 5 AÑOS;INDÍGENA;NO;CABECERA;NIÑO O NIÑA ENTRE 6 MESES Y 5 AÑOS Y 11 MESES;BRASIL
999;M;0-6 MESES;INDÍGENA;NO;RESTO;NIÑO O NIÑA ENTRE 6 MESES Y 5 AÑOS Y 11 MESES;BRASIL
1000;M;0-6 MESES;NO SE AUTORRECONOCE EN NINGUNO DE LOS ANTERIORES;NO;RESTO;MENOR DE SEIS MESES;BRASIL
1001;M;14 - 17 AÑOS;NO SE AUTORRECONOCE EN NINGUNO DE LOS ANTERIORES;NO;RESTO;PERSONA GESTANTE;PERU
1002;H;0-6 MESES;INDÍGENA;NO;RESTO;NIÑO O NIÑA ENTRE 6 MESES Y 5 AÑOS Y 11 MESES;PERU
1003;M;0-6 MESES;INDÍGENA;NO;RESTO;MENOR DE SEIS MESES;PERU
1004;M;9 - 13 AÑOS;INDÍGENA;NO;CABECERA;PERSONA GESTANTE;COLOMBIA
1005;M;6 MESES - 5 AÑOS;INDÍGENA;NO;RESTO;NIÑO O NIÑA ENTRE 6 MESES Y 5 AÑOS Y 11 MESES;TUNEZ
1006;H;6 - 8 AÑOS;NO SE AUTORRECONOCE EN NINGUNO DE LOS ANTERIORES;SI;RESTO;NIÑO O NIÑA ENTRE 6 MESES Y 5 AÑOS Y 11 MESES;COLOMBIA
1007;H;MAYOR A 18 AÑOS;NO SE AUTORRECONOCE EN NINGUNO DE LOS ANTERIORES;NO;CABECERA;ADULTO MAYOR DE 60 AÑOS;COLOMBIA
1008;M;MAYOR A 18 AÑOS;NO SE AUTORRECONOCE EN NINGUNO DE LOS ANTERIORES;NO;CABECERA;PERSONA GESTANTE;AFGANISTAN
1009;M;9 - 13 AÑOS;AFROCOLOMBIANO (A);NO;RESTO;NIÑO O NIÑA DE 6 AÑOS A 9 AÑOS, 11 MESES, 29 DAS;COLOMBIA
1010;M;9 - 13 AÑOS;NO SE AUTORRECONOCE EN NINGUNO DE LOS ANTERIORES;NO;CABECERA;NIÑO O NIÑA 10 AÑOS A 13 AÑOS, 11 MESES, 29 DIAS;COLOMBIA
1011;H;6 - 8 AÑOS;NO SE AUTORRECONOCE EN NINGUNO DE LOS ANTERIORES;NO;CABECERA;NIÑO O NIÑA DE 6 AÑOS A 9 AÑOS, 11 MESES, 29 DAS;COLOMBIA
1012;H;9 - 13 AÑOS;INDÍGENA;NO;CABECERA;NIÑO O NIÑA 10 AÑOS A 13 AÑOS, 11 MESES, 29 DIAS;COLOMBIA
1013;M;9 - 13 AÑOS;COMUNIDAD NEGRA;NO;CABECERA;PERSONA GESTANTE;COLOMBIA
1014;M;6 MESES - 5 AÑOS;AFROCOLOMBIANO (A);NO;RESTO;NIÑA O NIÑO DESDE LOS SIETE (7) MESES HASTA LOS DOS (2) AÑOS, ONCE (11) MESES Y VEINTINUEVE (29) DIAS;COLOMBIA
1015;M;9 - 13 AÑOS;RAIZAL;NO;RESTO;PERSONA GESTANTE;COLOMBIA
1016;M;9 - 13 AÑOS;NO SE AUTORRECONOCE EN NINGUNO DE LOS ANTERIORES;NO;CABECERA;NIÑO O NIÑA ENTRE 6 MESES Y 5 AÑOS Y 11 MESES;COLOMBIA
1017;M;MAYOR A 18 AÑOS;INDÍGENA;NO;CABECERA;ADULTOS ENTRE 40 Y 59;COLOMBIA
1018;M;9 - 13 AÑOS;INDÍGENA;NO;CABECERA;NIÑO O NIÑA DE 6 AÑOS A 9 AÑOS, 11 MESES, 29 DAS;COLOMBIA
1019;H;9 - 13 AÑOS;AFROCOLOMBIANO (A);NO;CABECERA;NIÑO O NIÑA DE 6 AÑOS A 9 AÑOS, 11 MESES, 29 DAS;COLOMBIA
1020;M;MAYOR A 18 AÑOS;NO SE AUTORRECONOCE EN NINGUNO DE LOS ANTERIORES;NO;SIN INFORMACIÓN;PERSONA GESTANTE;SIN INFORMACIÓN
1021;M;6 - 8 AÑOS;INDÍGENA;NO;CABECERA;NIÑO O NIÑA DE 6 AÑOS A 9 AÑOS, 11 MESES, 29 DAS;COLOMBIA
1022;H;9 - 13 AÑOS;INDÍGENA;NO;CABECERA;NIÑO O NIÑA DE 6 AÑOS A 9 AÑOS, 11 MESES, 29 DAS;COLOMBIA
1023;H;6 - 8 AÑOS;INDÍGENA;SI;RESTO;NIÑO O NIÑA ENTRE 6 MESES Y 5 AÑOS Y 11 MESES;COLOMBIA
1024;M;6 MESES - 5 AÑOS;INDÍGENA;SI;RESTO;NIÑO O NIÑA ENTRE 6 MESES Y 5 AÑOS Y 11 MESES;ECUADOR
1025;H;MAYOR A 18 AÑOS;AFROCOLOMBIANO (A);NO;CABECERA;PERSONA GESTANTE;COLOMBIA
1026;H;9 - 13 AÑOS;NO SE AUTORRECONOCE EN NINGUNO DE LOS ANTERIORES;NO;CABECERA;NIÑO O NIÑA DE 6 AÑOS A 9 AÑOS, 11 MESES, 29 DAS;COLOMBIA
1027;M;MAYOR A 18 AÑOS;INDÍGENA;NO;SIN INFORMACIÓN;PERSONA GESTANTE;SIN INFORMACIÓN
1028;M;9 - 13 AÑOS;NO SE AUTORRECONOCE EN NINGUNO DE LOS ANTERIORES;NO;CABECERA;NIÑO O NIÑA DE 6 AÑOS A 9 AÑOS, 11 MESES, 29 DAS;COLOMBIA
1029;M;6 - 8 AÑOS;NO SE AUTORRECONOCE EN NINGUNO DE LOS ANTERIORES;NO;CABECERA;NIÑO O NIÑA DE 6 AÑOS A 9 AÑOS, 11 MESES, 29 DAS;COLOMBIA
1030;H;MAYOR A 18 AÑOS;NO SE AUTORRECONOCE EN NINGUNO DE LOS ANTERIORES;SI;RESTO;JOVEN;COLOMBIA
1031;H;9 - 13 AÑOS;NO SE AUTORRECONOCE EN NINGUNO DE LOS ANTERIORES;NO;CABECERA;NIÑO O NIÑA 10 AÑOS A 13 AÑOS, 11 MESES, 29 DIAS;COLOMBIA
1032;H;6 - 8 AÑOS;AFROCOLOMBIANO (A);NO;CABECERA;NIÑO O NIÑA ENTRE 6 MESES Y 5 AÑOS Y 11 MESES;COLOMBIA
1033;M;9 - 13 AÑOS;AFROCOLOMBIANO (A);NO;CABECERA;PERSONA GESTANTE;COLOMBIA
1034;M;9 - 13 AÑOS;NO SE AUTORRECONOCE EN NINGUNO DE LOS ANTERIORES;NO;RESTO;ADOLESCENTE;COLOMBIA
1035;M;6 - 8 AÑOS;INDÍGENA;NO;RESTO;NIÑO O NIÑA DE 6 AÑOS A 9 AÑOS, 11 MESES, 29 DAS;PAKISTAN
1036;H;6 - 8 AÑOS;INDÍGENA;NO;RESTO;JOVEN;COLOMBIA
1037;M;9 - 13 AÑOS;AFROCOLOMBIANO (A);NO;RESTO;NIÑO O NIÑA 10 AÑOS A 13 AÑOS, 11 MESES, 29 DIAS;COLOMBIA
1038;M;MAYOR A 18 AÑOS;INDÍGENA;NO;CABECERA;ADULTO MAYOR DE 60 AÑOS;COLOMBIA
1039;H;14 - 17 AÑOS;NO SE AUTORRECONOCE EN NINGUNO DE LOS ANTERIORES;NO;CABECERA;ADOLESCENTE;COLOMBIA
1040;M;6 - 8 AÑOS;NO SE AUTORRECONOCE EN NINGUNO DE LOS ANTERIORES;SI;CABECERA;NIÑO O NIÑA ENTRE 6 MESES Y 5 AÑOS Y 11 MESES;COLOMBIA
1041;H;MAYOR A 18 AÑOS;INDÍGENA;NO;CABECERA;ADULTOS DE 29 A 39 AÑOS;COLOMBIA
1042;M;9 - 13 AÑOS;NO SE AUTORRECONOCE EN NINGUNO DE LOS ANTERIORES;SI;RESTO;PERSONA GESTANTE;COLOMBIA
1043;H;6 - 8 AÑOS;INDÍGENA;NO;CABECERA;NIÑO O NIÑA DE 6 AÑOS A 9 AÑOS, 11 MESES, 29 DAS;COLOMBIA
1044;M;MAYOR A 18 AÑOS;INDÍGENA;NO;RESTO;ADULTOS DE 29 A 39 AÑOS;AUSTRIA
1045;M;MAYOR A 18 AÑOS;AFROCOLOMBIANO (A);NO;SIN INFORMACIÓN;JOVEN;VENEZUELA
1046;H;MAYOR A 18 AÑOS;INDÍGENA;NO;SIN INFORMACIÓN;JOVEN;SIN INFORMACIÓN
1047;M;14 - 17 AÑOS;NO SE AUTORRECONOCE EN NINGUNO DE LOS ANTERIORES;NO;CABECERA;ADOLESCENTE;COLOMBIA
1048;M;6 - 8 AÑOS;INDÍGENA;SI;RESTO;NIÑO O NIÑA DE 6 AÑOS A 9 AÑOS, 11 MESES, 29 DAS;COLOMBIA
1049;M;6 - 8 AÑOS;AFROCOLOMBIANO (A);NO;CABECERA;NIÑO O NIÑA DE 6 AÑOS A 9 AÑOS, 11 MESES, 29 DAS;COLOMBIA
1050;H;6 - 8 AÑOS;AFROCOLOMBIANO (A);NO;CABECERA;NIÑO O NIÑA DE 6 AÑOS A 9 AÑOS, 11 MESES, 29 DAS;COLOMBIA
1051;H;14 - 17 AÑOS;INDÍGENA;NO;RESTO;JOVEN;COLOMBIA
1052;M;MAYOR A 18 AÑOS;NO SE AUTORRECONOCE EN NINGUNO DE LOS ANTERIORES;NO;CABECERA;PERSONA GESTANTE;ALEMANIA
1053;H;MAYOR A 18 AÑOS;INDÍGENA;NO;RESTO;ADOLESCENTE;COLOMBIA
1054;H;6 MESES - 5 AÑOS;INDÍGENA;NO;CABECERA;NIÑO O NIÑA DE 6 AÑOS A 9 AÑOS, 11 MESES, 29 DAS;COLOMBIA
1055;M;MAYOR A 18 AÑOS;AFROCOLOMBIANO (A);NO;CABECERA;ADULTOS ENTRE 40 Y 59;COLOMBIA
1056;H;MAYOR A 18 AÑOS;NO SE AUTORRECONOCE EN NINGUNO DE LOS ANTERIORES;NO;CABECERA;ADULTOS DE 29 A 39 AÑOS;COLOMBIA
1057;M;6 - 8 AÑOS;INDÍGENA;NO;RESTO;NIÑO O NIÑA DE 6 AÑOS A 9 AÑOS, 11 MESES, 29 DAS;ALBANIA
1058;H;MAYOR A 18 AÑOS;INDÍGENA;NO;CABECERA;JOVEN;COLOMBIA
1059;M;6 - 8 AÑOS;AFROCOLOMBIANO (A);NO;CABECERA;NIÑO O NIÑA ENTRE 6 MESES Y 5 AÑOS Y 11 MESES;COLOMBIA
1060;H;9 - 13 AÑOS;INDÍGENA;SI;RESTO;NIÑO O NIÑA 10 AÑOS A 13 AÑOS, 11 MESES, 29 DIAS;COLOMBIA
1061;M;MAYOR A 18 AÑOS;NO SE AUTORRECONOCE EN NINGUNO DE LOS ANTERIORES;NO;RESTO;ADULTOS ENTRE 40 Y 59;ECUADOR
1062;H;9 - 13 AÑOS;AFROCOLOMBIANO (A);NO;RESTO;NIÑO O NIÑA 10 AÑOS A 13 AÑOS, 11 MESES, 29 DIAS;COLOMBIA
1063;H;9 - 13 AÑOS;NO SE AUTORRECONOCE EN NINGUNO DE LOS ANTERIORES;NO;CABECERA;NIÑO O NIÑA DE 6 AÑOS A 9 AÑOS, 11 MESES, 29 DAS;VENEZUELA
1064;M;6 - 8 AÑOS;NO SE AUTORRECONOCE EN NINGUNO DE LOS ANTERIORES;NO;RESTO;NIÑO O NIÑA ENTRE 6 MESES Y 5 AÑOS Y 11 MESES;COLOMBIA
1065;H;14 - 17 AÑOS;INDÍGENA;NO;CABECERA;ADOLESCENTE;COLOMBIA
1066;M;MAYOR A 18 AÑOS;NO SE AUTORRECONOCE EN NINGUNO DE LOS ANTERIORES;NO;SIN INFORMACIÓN;JOVEN;SIN INFORMACIÓN
1067;M;6 - 8 AÑOS;NO SE AUTORRECONOCE EN NINGUNO DE LOS ANTERIORES;NO;CABECERA;NIÑAS Y NIÑOS HASTA LOS CINCO (5) AÑOS, ONCE (11) MESES VEINTINUEVE (29) DAS;COLOMBIA
1068;H;9 - 13 AÑOS;NO SE AUTORRECONOCE EN NINGUNO DE LOS ANTERIORES;NO;CABECERA;NIÑO O NIÑA ENTRE 6 MESES Y 5 AÑOS Y 11 MESES;COLOMBIA
1069;H;MAYOR A 18 AÑOS;INDÍGENA;NO;SIN INFORMACIÓN;ADULTOS ENTRE 40 Y 59;SIN INFORMACIÓN
1070;M;MAYOR A 18 AÑOS;INDÍGENA;NO;SIN INFORMACIÓN;ADULTOS ENTRE 40 Y 59;VIETNAM
1071;H;6 MESES - 5 AÑOS;COMUNIDAD NEGRA;SI;RESTO;NIÑO O NIÑA ENTRE 6 MESES Y 5 AÑOS Y 11 MESES;COLOMBIA
1072;H;14 - 17 AÑOS;NO SE AUTORRECONOCE EN NINGUNO DE LOS ANTERIORES;NO;RESTO;NIÑO O NIÑA ENTRE 6 MESES Y 5 AÑOS Y 11 MESES;COLOMBIA
1073;M;MAYOR A 18 AÑOS;NO SE AUTORRECONOCE EN NINGUNO DE LOS ANTERIORES;NO;SIN INFORMACIÓN;PERSONA GESTANTE;ARGELIA
1074;H;9 - 13 AÑOS;INDÍGENA;SI;RESTO;NIÑO O NIÑA DE 6 AÑOS A 9 AÑOS, 11 MESES, 29 DAS;COLOMBIA
1075;M;6 - 8 AÑOS;INDÍGENA;NO;CABECERA;NIÑO O NIÑA DE 6 AÑOS A 9 AÑOS, 11 MESES, 29 DAS;VENEZUELA
1076;H;SIN INFORMACIÓN;INDÍGENA;NO;SIN INFORMACIÓN;ADULTOS DE 29 A 39 AÑOS;SIN INFORMACIÓN
1077;M;14 - 17 AÑOS;AFROCOLOMBIANO (A);NO;RESTO;ADOLESCENTE;COLOMBIA
1078;M;9 - 13 AÑOS;INDÍGENA;NO;CABECERA;NIÑO O NIÑA 10 AÑOS A 13 AÑOS, 11 MESES, 29 DIAS;VENEZUELA
1079;M;9 - 13 AÑOS;NO SE AUTORRECONOCE EN NINGUNO DE LOS ANTERIORES;NO;CABECERA;PERSONA GESTANTE;ARGELIA
1080;M;9 - 13 AÑOS;INDÍGENA;SI;RESTO;NIÑO O NIÑA 10 AÑOS A 13 AÑOS, 11 MESES, 29 DIAS;COLOMBIA
1081;H;MAYOR A 18 AÑOS;NO SE AUTORRECONOCE EN NINGUNO DE LOS ANTERIORES;NO;SIN INFORMACIÓN;ADULTOS ENTRE 40 Y 59;SIN INFORMACIÓN
1082;M;6 MESES - 5 AÑOS;AFROCOLOMBIANO (A);NO;CABECERA;NIÑA O NIÑO HASTA LOS CUATRO (4) AÑOS, ONCE (11) MESES Y VEINTINUEVE (29) DIAS;COLOMBIA
1083;M;MAYOR A 18 AÑOS;NO SE AUTORRECONOCE EN NINGUNO DE LOS ANTERIORES;NO;CABECERA;PERSONA GESTANTE;ARGELIA
1084;H;6 - 8 AÑOS;INDÍGENA;SI;CABECERA;NIÑO O NIÑA ENTRE 6 MESES Y 5 AÑOS Y 11 MESES;COLOMBIA
1085;M;MAYOR A 18 AÑOS;INDÍGENA;NO;SIN INFORMACIÓN;ADULTOS DE 29 A 39 AÑOS;SIN INFORMACIÓN
1086;H;6 - 8 AÑOS;INDÍGENA;NO;CABECERA;NIÑO O NIÑA DE 6 AÑOS A 9 AÑOS, 11 MESES, 29 DAS;VENEZUELA
1087;H;6 MESES - 5 AÑOS;INDÍGENA;NO;RESTO;NIÑA O NIÑO HASTA LOS CUATRO (4) AÑOS, ONCE (11) MESES Y VEINTINUEVE (29) DIAS;COLOMBIA
1088;M;MAYOR A 18 AÑOS;NO SE AUTORRECONOCE EN NINGUNO DE LOS ANTERIORES;NO;RESTO;PERSONA GESTANTE;ANTARTIDA
1089;M;14 - 17 AÑOS;NO SE AUTORRECONOCE EN NINGUNO DE LOS ANTERIORES;NO;SIN INFORMACIÓN;PERSONA GESTANTE;COLOMBIA
1090;H;6 MESES - 5 AÑOS;RAIZAL;SI;RESTO;NIÑO O NIÑA ENTRE 6 MESES Y 5 AÑOS Y 11 MESES;COLOMBIA
1091;M;MAYOR A 18 AÑOS;INDÍGENA;SI;RESTO;ADULTO MAYOR DE 60 AÑOS;COLOMBIA
1092;H;6 MESES - 5 AÑOS;AFROCOLOMBIANO (A);NO;RESTO;NIÑO O NIÑA ENTRE 6 MESES Y 5 AÑOS Y 11 MESES;TAILANDIA
1093;H;6 - 8 AÑOS;NO SE AUTORRECONOCE EN NINGUNO DE LOS ANTERIORES;SI;CABECERA;NIÑO O NIÑA ENTRE 6 MESES Y 5 AÑOS Y 11 MESES;COLOMBIA
1094;M;14 - 17 AÑOS;INDÍGENA;NO;RESTO;NIÑO O NIÑA 10 AÑOS A 13 AÑOS, 11 MESES, 29 DIAS;COLOMBIA
1095;M;14 - 17 AÑOS;NO SE AUTORRECONOCE EN NINGUNO DE LOS ANTERIORES;NO;RESTO;NIÑO O NIÑA ENTRE 6 MESES Y 5 AÑOS Y 11 MESES;COLOMBIA
1096;M;14 - 17 AÑOS;NO SE AUTORRECONOCE EN NINGUNO DE LOS ANTERIORES;NO;CABECERA;NIÑO O NIÑA ENTRE 6 MESES Y 5 AÑOS Y 11 MESES;COLOMBIA
1097;H;6 MESES - 5 AÑOS;AFROCOLOMBIANO (A);NO;CABECERA;NIÑAS Y NIÑOS HASTA LOS CINCO (5) AÑOS, ONCE (11) MESES VEINTINUEVE (29) DAS;COLOMBIA
1098;H;14 - 17 AÑOS;INDÍGENA;NO;RESTO;NIÑO O NIÑA 10 AÑOS A 13 AÑOS, 11 MESES, 29 DIAS;COLOMBIA
1099;M;MAYOR A 18 AÑOS;INDÍGENA;NO;RESTO;PERSONA GESTANTE;SIN INFORMACIÓN
1100;H;6 - 8 AÑOS;INDÍGENA;NO;RESTO;NIÑAS Y NIÑOS HASTA LOS CINCO (5) AÑOS, ONCE (11) MESES VEINTINUEVE (29) DAS;COLOMBIA
1101;H;6 MESES - 5 AÑOS;AFROCOLOMBIANO (A);NO;RESTO;NIÑO O NIÑA ENTRE 6 MESES Y 5 AÑOS Y 11 MESES;AFGANISTAN
1102;M;MAYOR A 18 AÑOS;PALENQUERO (A);NO;CABECERA;PERSONA GESTANTE;COLOMBIA
1103;M;MAYOR A 18 AÑOS;NO SE AUTORRECONOCE EN NINGUNO DE LOS ANTERIORES;NO;CABECERA;PERSONA GESTANTE;SIN INFORMACIÓN
1104;H;14 - 17 AÑOS;INDÍGENA;NO;RESTO;PERSONA GESTANTE;COLOMBIA
1105;H;14 - 17 AÑOS;INDÍGENA;SI;RESTO;ADOLESCENTE;COLOMBIA
1106;H;6 MESES - 5 AÑOS;NO SE AUTORRECONOCE EN NINGUNO DE LOS ANTERIORES;NO;RESTO;NIÑAS Y NIÑOS HASTA LOS CINCO (5) AÑOS, ONCE (11) MESES VEINTINUEVE (29) DAS;AUSTRALIA
1107;M;14 - 17 AÑOS;INDÍGENA;NO;CABECERA;ADOLESCENTE;VENEZUELA
1108;M;MAYOR A 18 AÑOS;AFROCOLOMBIANO (A);NO;SIN INFORMACIÓN;PERSONA GESTANTE;COLOMBIA
1109;H;9 - 13 AÑOS;NO SE AUTORRECONOCE EN NINGUNO DE LOS ANTERIORES;SI;RESTO;NIÑO O NIÑA ENTRE 6 MESES Y 5 AÑOS Y 11 MESES;COLOMBIA
1110;M;MAYOR A 18 AÑOS;INDÍGENA;NO;RESTO;ADULTOS DE 29 A 39 AÑOS;CABO VERDE
1111;H;6 MESES - 5 AÑOS;COMUNIDAD NEGRA;NO;RESTO;NIÑAS Y NIÑOS DEL RANGO DE 18 MESES A 4 AÑOS, 11 MESES Y 29 DIAS;COLOMBIA
1112;M;MAYOR A 18 AÑOS;NO SE AUTORRECONOCE EN NINGUNO DE LOS ANTERIORES;NO;RESTO;PERSONA GESTANTE;ESPAÑA
1113;M;9 - 13 AÑOS;COMUNIDAD NEGRA;NO;RESTO;PERSONA GESTANTE;COLOMBIA
1114;M;6 - 8 AÑOS;NO SE AUTORRECONOCE EN NINGUNO DE LOS ANTERIORES;NO;SIN INFORMACIÓN;NIÑO O NIÑA DE 6 AÑOS A 9 AÑOS, 11 MESES, 29 DAS;VENEZUELA
1115;M;6 - 8 AÑOS;INDÍGENA;SI;RESTO;NIÑO O NIÑA ENTRE 6 MESES Y 5 AÑOS Y 11 MESES;COLOMBIA
1116;H;6 - 8 AÑOS;INDÍGENA;SI;RESTO;NIÑO O NIÑA DE 6 AÑOS A 9 AÑOS, 11 MESES, 29 DAS;COLOMBIA
1117;M;MAYOR A 18 AÑOS;NO SE AUTORRECONOCE EN NINGUNO DE LOS ANTERIORES;NO;RESTO;ADOLESCENTE;COLOMBIA
1118;H;14 - 17 AÑOS;AFROCOLOMBIANO (A);NO;CABECERA;PERSONA GESTANTE;COLOMBIA
1119;H;6 MESES - 5 AÑOS;NO SE AUTORRECONOCE EN NINGUNO DE LOS ANTERIORES;NO;CABECERA;NIÑAS Y NIÑOS HASTA LOS CINCO (5) AÑOS, ONCE (11) MESES VEINTINUEVE (29) DAS;COSTA RICA
1120;M;9 - 13 AÑOS;NO SE AUTORRECONOCE EN NINGUNO DE LOS ANTERIORES;SI;RESTO;NIÑO O NIÑA 10 AÑOS A 13 AÑOS, 11 MESES, 29 DIAS;COLOMBIA
1121;M;14 - 17 AÑOS;AFROCOLOMBIANO (A);NO;CABECERA;ADOLESCENTE;COLOMBIA
1122;H;14 - 17 AÑOS;NO SE AUTORRECONOCE EN NINGUNO DE LOS ANTERIORES;SI;RESTO;ADOLESCENTE;COLOMBIA
1123;M;MAYOR A 18 AÑOS;NO SE AUTORRECONOCE EN NINGUNO DE LOS ANTERIORES;NO;CABECERA;PERSONA GESTANTE;ARUBA
1124;H;6 MESES - 5 AÑOS;AFROCOLOMBIANO (A);NO;RESTO;NIÑO O NIÑA DE 6 AÑOS A 9 AÑOS, 11 MESES, 29 DAS;COLOMBIA
1125;H;6 MESES - 5 AÑOS;NO SE AUTORRECONOCE EN NINGUNO DE LOS ANTERIORES;SI;CABECERA;NIÑO O NIÑA ENTRE 6 MESES Y 5 AÑOS Y 11 MESES;REINO UNIDO
1126;M;6 MESES - 5 AÑOS;NO SE AUTORRECONOCE EN NINGUNO DE LOS ANTERIORES;NO;CABECERA;NIÑO O NIÑA ENTRE 6 MESES Y 5 AÑOS Y 11 MESES;TUNEZ
1127;H;MAYOR A 18 AÑOS;INDÍGENA;NO;CABECERA;JOVEN;VENEZUELA
1128;M;MAYOR A 18 AÑOS;INDÍGENA;NO;SIN INFORMACIÓN;ADULTOS ENTRE 40 Y 59;SIN INFORMACIÓN
